followers,post_type,hashtags_count,caption_length,likes,comments,shares,saves,posting_day,posting_hour,predicted_reach
7539,2,18,519,494,19,62,303,4,5,4397
45651,2,7,561,5023,223,1707,2113,2,12,89690
20251,1,6,809,1153,43,284,297,0,14,19990
14194,3,15,718,435,27,145,240,5,10,3580
3044,0,18,794,190,20,41,106,5,9,1539
3043,0,5,903,201,22,71,100,0,2,941
1397,2,19,785,87,3,12,38,4,19,2167
30668,1,26,578,1769,154,427,1000,4,8,45318
14286,2,20,307,693,63,78,154,6,9,12761
18968,2,10,619,1260,98,263,751,6,20,25709
811,0,4,146,30,2,7,18,5,22,352
53053,2,15,385,3676,187,943,2087,6,23,55383
27296,1,6,96,3624,268,669,963,6,22,53966
4080,1,26,428,166,10,16,93,1,11,3234
3510,1,4,763,489,18,132,188,5,7,5717
3539,2,10,208,503,43,111,217,4,20,11562
5941,0,14,472,512,38,59,282,4,20,10790
11658,1,2,446,1495,81,531,236,6,20,21175
8983,1,25,319,637,46,230,204,1,16,12078
5663,2,4,605,224,22,74,121,6,21,4891
14695,1,22,763,1577,161,517,850,6,4,18458
2753,0,20,290,96,8,10,53,3,23,2290
5682,1,4,332,368,26,137,83,3,7,6925
7344,1,8,773,969,79,189,471,1,17,9322
9634,2,14,711,473,30,58,101,1,10,4619
23569,1,2,960,2821,116,898,1482,3,21,53418
3841,0,28,951,240,15,34,63,3,9,2048
11330,3,5,161,387,30,90,194,3,14,6362
13962,0,16,311,856,71,97,312,3,5,6650
1213,3,25,287,53,6,11,33,5,18,826
14529,1,20,660,2140,213,518,911,5,16,24022
3304,2,7,697,244,10,50,110,6,22,2961
1508,1,20,17,116,5,11,37,2,9,1551
45105,0,24,816,2548,99,561,1276,6,4,18013
51059,2,10,244,3315,319,714,1274,1,15,33938
25284,2,5,684,1788,167,274,273,0,11,13179
5949,2,7,570,149,17,52,65,2,20,4819
2041,0,9,311,119,9,23,65,0,23,1013
17791,2,23,47,644,67,215,166,0,4,3507
9201,2,28,145,1199,98,129,301,4,20,22779
2452,1,2,831,492,53,83,216,1,0,3788
10753,2,22,430,306,29,39,165,5,1,4182
1024,2,13,228,111,9,21,29,2,4,878
36506,1,22,357,2071,167,224,1236,6,22,33929
4991,0,13,817,313,29,64,186,1,18,3485
16793,1,9,555,919,62,166,221,3,14,20498
6103,0,11,873,414,16,58,112,1,0,2911
11511,1,5,88,737,24,197,357,0,10,11656
12368,1,11,757,861,62,310,522,5,17,13007
3565,0,22,904,96,8,13,46,3,2,999
52892,1,13,282,3075,114,887,1107,1,8,74279
22883,0,1,170,1075,60,320,243,1,23,8088
42576,2,8,696,1033,60,231,380,5,3,10064
34282,2,9,887,1764,142,607,774,0,23,19805
14165,0,25,317,895,49,326,272,6,12,15623
38741,3,16,383,1100,42,202,431,3,8,31373
1889,1,16,985,270,12,72,55,0,2,1516
3772,1,2,742,609,27,166,221,5,15,5626
1194,0,29,18,34,3,6,6,1,21,510
6402,1,30,810,393,21,66,65,6,7,6867
7881,2,18,453,403,38,143,225,2,6,9467
5248,2,0,122,454,36,141,110,2,22,5350
26968,0,11,998,1635,192,178,692,4,16,12329
7118,0,6,214,186,10,20,40,2,15,3553
5447,1,3,414,555,24,195,150,5,20,11929
12236,1,9,707,725,25,72,231,5,21,9894
2778,0,12,862,116,5,32,24,5,17,1518
24807,1,1,206,3622,331,518,602,3,15,32807
1662,2,9,787,76,2,6,43,4,14,1943
65512,2,20,783,5359,278,497,802,3,1,26517
22692,1,21,769,3378,361,631,587,6,19,61947
3823,2,24,124,339,27,33,181,2,3,3240
583,1,3,130,19,0,4,5,6,4,243
25848,1,17,662,3701,126,996,1833,2,6,62804
18906,0,4,74,918,32,171,197,1,14,8973
20084,1,18,285,2714,311,808,703,3,16,48121
22628,3,1,834,858,91,190,362,0,9,9364
1653,1,11,248,86,9,17,53,6,19,3587
7158,1,16,311,343,38,67,61,1,8,6270
2347,1,9,401,281,21,57,95,3,15,3844
30327,0,1,531,604,31,220,99,5,23,9999
15144,2,5,978,1408,93,393,339,4,2,6648
6527,1,7,378,991,93,168,579,6,21,20062
1485,1,28,242,252,27,74,48,3,8,5813
6087,1,18,204,430,29,74,240,4,7,13139
6399,1,10,916,500,39,56,115,6,22,6232
20118,0,30,21,752,85,163,423,4,6,8954
15723,1,24,915,760,30,228,308,6,16,14401
33233,0,30,930,1780,191,335,1016,2,4,12963
10085,2,11,698,920,40,308,200,0,6,8839
2410,2,8,186,182,13,34,93,6,12,4272
19236,2,1,226,1667,82,299,791,3,17,13339
21955,1,7,20,901,75,337,367,0,21,19297
12858,1,25,455,819,65,179,440,4,13,25243
22608,0,10,639,1570,100,497,720,2,17,17926
10712,2,27,173,1087,117,344,619,6,2,12286
11595,1,20,560,1445,129,509,475,0,16,22426
8867,1,3,62,1372,130,137,590,1,18,19609
886,1,9,227,101,4,15,57,4,6,1731
2212,0,20,727,73,7,22,18,1,20,1288
979,1,19,833,67,3,16,25,5,3,525
15675,0,15,369,1030,51,250,629,0,14,19366
6160,2,7,394,237,9,29,88,0,23,2128
11156,1,3,65,1241,86,197,331,0,7,14377
36218,0,28,127,1449,159,335,455,5,15,26023
4801,1,9,909,771,40,121,442,3,0,9155
8424,0,11,262,336,21,46,204,4,15,8207
21631,1,28,807,1190,126,120,720,4,1,12988
4397,2,13,789,130,11,15,62,6,1,1650
1701,0,15,812,59,5,18,23,6,7,1489
5632,2,21,854,455,22,132,105,6,11,5543
3137,0,17,189,121,11,10,24,4,10,2018
40324,0,20,424,1589,80,216,274,3,5,16423
25263,2,21,879,984,116,239,150,0,18,12705
15552,1,20,244,2515,202,432,1435,0,17,35331
31272,0,11,864,1119,103,360,601,5,4,8550
24919,1,17,717,1326,53,411,556,1,14,29736
3597,1,29,829,395,20,135,248,3,7,8711
33962,2,6,89,4290,182,1046,2604,2,5,39748
12126,1,19,656,1970,128,355,910,3,11,32886
25210,2,23,31,1013,56,260,374,5,18,18882
34463,2,22,486,3336,320,339,727,1,11,25713
6240,1,6,852,342,13,26,134,1,11,4658
2248,2,8,449,53,5,4,11,6,8,953
4380,1,0,746,573,19,113,193,6,23,5023
8855,3,25,579,280,13,40,168,1,9,4919
26057,0,5,102,2078,210,253,644,0,21,21050
30070,1,5,201,2763,267,717,603,2,16,52051
604,1,21,112,26,1,9,11,1,17,486
11223,1,28,405,1248,43,160,545,4,15,16006
8604,1,11,16,351,29,83,83,0,3,2669
4267,2,21,649,147,9,16,35,2,17,2716
2415,0,11,576,106,6,37,66,4,2,1358
6678,0,9,240,311,27,50,81,2,15,4533
43446,2,22,883,2727,188,923,1503,5,13,52358
6355,1,29,583,870,33,139,324,2,23,12354
11471,3,25,249,190,21,60,67,4,8,7692
18711,2,5,99,821,82,113,235,3,5,7957
7279,3,16,241,242,8,39,125,2,3,2386
54016,2,18,466,1617,124,214,924,3,1,24985
49730,1,17,242,6536,245,1008,1770,2,22,107015
4850,0,5,363,87,9,28,16,5,9,1487
10814,2,23,342,554,47,147,116,4,10,9079
5868,1,18,448,293,13,57,155,2,6,8074
5528,0,9,384,165,5,60,58,1,4,1610
1063,1,23,301,141,4,30,29,5,3,835
14607,3,7,354,649,49,237,200,1,5,3445
10977,1,20,673,497,47,66,195,5,1,5178
1292,1,23,437,129,5,44,71,5,1,1733
5399,1,5,666,715,35,56,325,6,15,6340
36332,0,20,139,1474,87,351,338,2,22,32423
4607,1,24,150,573,28,115,126,4,22,8088
2847,1,29,424,159,10,36,54,6,12,4582
10584,0,6,102,782,62,188,141,4,20,14266
64160,2,23,635,4101,375,786,2096,0,6,47846
4657,1,0,293,361,42,135,122,4,4,3501
17227,2,26,965,2212,251,813,687,3,16,25691
22008,2,17,932,1155,93,419,452,2,12,28105
4569,0,23,664,188,18,69,91,1,14,3959
20041,1,27,232,2388,276,747,1004,4,2,28543
7377,1,24,753,542,20,201,289,1,22,8679
15507,2,19,472,566,17,193,254,0,3,5977
15557,0,11,554,718,23,143,378,2,14,14539
12010,1,15,285,668,53,207,322,4,17,14956
1919,1,9,691,231,22,80,54,6,2,2354
27554,1,26,149,4984,314,1439,844,1,6,54375
6302,0,9,366,243,19,49,141,6,7,4270
3596,1,13,722,250,19,23,150,5,10,3533
1124,2,24,32,40,1,12,19,6,21,974
13906,1,19,977,420,24,151,208,4,8,13850
17477,1,9,745,3194,101,586,879,0,19,36594
750,1,9,889,52,2,6,21,6,11,779
11264,2,25,279,626,64,108,392,5,4,5503
4352,0,24,868,346,36,86,193,1,0,2223
16041,2,10,674,1898,193,322,554,1,13,23845
3374,1,22,342,438,41,113,127,2,2,5663
18113,1,1,94,2147,217,783,813,6,14,48601
7834,0,24,630,349,31,96,118,6,9,3362
41905,0,19,40,3700,334,680,1200,2,9,35512
2719,1,7,750,238,21,84,106,1,23,2745
6756,1,29,249,579,44,141,86,5,2,4843
2306,2,22,899,55,3,6,28,6,5,738
39292,0,28,372,764,73,171,384,2,4,9983
31975,1,30,831,3492,198,946,1912,1,23,47948
4974,1,6,398,856,67,279,473,5,18,18370
16681,0,7,662,1388,95,494,581,3,13,21050
25992,0,0,677,1340,73,228,700,4,16,7454
12651,1,20,308,1686,198,205,646,6,11,28723
11814,1,1,866,2015,107,195,1221,3,8,29589
4653,1,17,380,455,26,134,107,3,2,6120
1965,1,14,108,207,9,64,121,4,17,5818
34626,1,0,56,3341,347,660,900,1,3,18210
35101,0,4,848,1635,135,316,317,1,13,12793
15540,1,1,431,2608,222,942,932,2,23,31523
6710,3,19,489,157,16,54,69,0,5,1856
6943,1,2,588,1034,62,149,264,1,14,10468
19916,1,18,71,924,43,285,382,4,16,30731
34611,1,17,118,4702,225,1231,2523,0,23,97750
33216,2,28,688,1812,173,219,487,4,4,16670
23203,2,21,558,2176,185,396,927,4,5,18389
15909,1,17,128,1748,84,224,539,4,20,52667
1818,3,13,607,78,3,12,31,6,4,408
3144,0,29,391,218,8,56,102,6,18,3262
34823,0,23,401,1134,98,212,356,0,13,27306
14487,2,7,986,1329,39,256,833,3,3,8368
638,2,28,61,35,1,8,14,6,4,359
2104,0,29,612,94,6,9,51,5,10,1116
16837,1,11,298,1674,154,496,830,4,1,22268
576,0,20,346,28,2,5,15,6,21,760
3129,1,9,819,403,27,88,92,2,1,3418
12435,2,22,213,1133,104,416,285,1,19,20444
18159,1,19,889,1105,84,197,420,5,11,15802
16331,1,16,247,1279,150,344,713,1,15,26340
4309,1,10,391,827,36,159,198,1,16,9179
19181,0,1,676,1020,85,350,628,0,3,4178
4562,1,25,761,619,45,203,127,2,13,8715
6404,1,25,145,495,23,73,113,2,6,7525
21085,3,3,416,389,37,109,87,5,14,7932
16231,2,0,517,1609,88,152,689,2,15,14716
28879,0,14,371,1217,78,442,717,2,7,29194
16577,2,12,390,582,37,104,155,2,1,7378
13100,2,7,890,741,38,240,305,5,18,9358
1975,2,24,585,218,14,37,50,3,0,2626
7376,1,3,644,588,42,155,265,2,22,9039
5122,1,9,263,557,54,206,113,6,3,6514
4695,1,18,486,261,25,88,99,2,23,5838
54684,0,17,123,2410,106,296,1114,0,20,45399
7990,0,4,29,382,31,91,162,0,21,3433
33890,0,29,537,741,81,133,157,6,10,20116
15460,1,18,154,1032,41,211,229,2,9,30042
24257,2,25,217,2538,184,445,1193,3,17,45960
10976,1,22,540,705,68,123,378,2,0,18289
13402,0,26,385,468,39,111,273,6,16,10246
10674,3,21,513,418,16,55,225,2,15,7587
3758,2,15,913,197,12,46,121,2,11,4049
19726,2,0,175,1173,88,186,401,4,15,13751
5443,3,11,559,158,18,25,48,3,8,2958
869,1,23,190,90,4,26,14,1,16,1278
16054,3,1,870,516,61,43,187,6,2,2707
3424,0,20,626,131,8,24,60,2,17,2009
42816,1,24,621,2450,117,483,1323,6,14,71479
46663,0,7,611,2304,154,508,631,1,14,28032
37452,0,17,936,3123,266,861,1229,3,15,25413
7434,0,24,821,293,14,54,136,6,19,6166
733,1,15,453,86,4,11,35,2,0,1379
40032,2,4,341,3437,367,1170,952,1,0,33763
8884,1,25,512,1650,197,609,876,6,3,19398
51512,0,29,922,2481,145,200,566,5,12,25998
50206,2,21,88,2543,110,607,1484,1,3,28035
29260,1,12,594,2321,235,412,1408,3,22,48482
5731,1,18,944,510,42,80,164,2,7,9650
7794,1,28,947,588,22,103,192,4,12,11773
29070,1,2,697,1704,196,454,860,3,23,19704
6217,1,25,405,764,28,101,279,4,7,13585
3285,2,7,617,87,7,30,13,2,13,1584
12706,1,26,866,899,61,193,531,1,0,11345
41769,1,25,112,3776,302,652,1334,5,8,72973
18362,2,25,411,1027,50,312,249,5,23,13373
13161,2,30,984,1759,161,140,728,6,0,20570
2033,0,11,233,152,17,31,38,3,6,2287
14817,0,1,527,552,39,100,134,3,19,11752
69658,0,10,643,2618,201,461,1071,3,12,54896
2763,1,11,245,216,11,38,72,0,14,5055
11457,1,27,436,1899,209,160,802,5,8,30405
31979,0,17,125,779,91,93,489,5,15,19554
20750,3,12,172,831,83,97,466,2,16,10555
18411,1,4,235,3386,266,1258,500,0,8,47350
18684,0,21,239,707,82,57,119,3,5,9867
7182,1,11,191,837,36,104,368,3,19,18571
5713,1,1,258,167,12,61,74,4,11,4640
25360,0,30,327,1697,133,447,968,6,15,22932
25419,1,4,974,1392,103,292,626,0,20,21559
30769,2,6,219,1954,199,192,497,6,14,36530
37169,1,25,665,2206,199,608,819,1,6,32320
11241,1,25,401,1838,76,213,987,6,9,40332
10942,1,23,866,1077,65,297,638,5,3,11309
24514,0,11,105,544,32,200,140,2,23,18520
16245,0,15,903,858,69,201,348,1,2,5414
18658,1,22,867,1810,101,251,400,1,17,13796
24329,0,7,765,1541,62,404,594,2,0,11814
33609,0,29,95,1700,151,389,319,3,12,24972
6687,2,27,424,467,49,109,280,5,21,10110
7564,3,8,403,162,18,35,73,4,17,3651
1980,2,14,705,39,4,10,21,3,7,1322
13451,2,4,642,1172,117,288,737,6,10,13760
1049,0,12,853,38,1,14,8,3,9,627
9899,3,4,510,201,21,64,96,0,3,1832
12234,0,10,613,329,21,50,189,1,3,3281
5564,3,9,591,123,11,36,52,1,3,1582
13904,3,19,925,529,41,73,240,5,11,4940
964,2,12,142,59,6,18,20,6,7,1383
1070,3,8,800,24,1,2,11,1,12,550
26440,1,20,658,4579,162,993,1539,4,7,71035
7198,1,13,323,959,76,299,360,4,20,32675
2538,1,17,708,157,7,24,30,6,2,1527
11579,1,14,230,979,114,319,144,4,11,24281
22544,0,9,985,1555,120,417,265,2,17,9997
4146,1,23,447,187,14,36,44,6,14,5092
15128,3,30,55,264,29,53,96,5,13,8773
1838,0,6,799,45,3,15,6,4,8,1143
1295,2,7,201,90,5,12,19,0,4,582
11868,2,27,529,504,28,142,263,0,14,10791
12168,2,2,388,1316,98,377,676,3,7,16091
15718,3,30,797,240,25,84,126,3,22,5102
19924,1,14,700,1914,194,553,1132,5,2,24478
56353,3,15,343,1470,171,368,296,6,11,30785
11394,2,3,48,518,18,179,115,3,4,3950
6350,0,20,302,444,24,143,135,3,8,7320
24284,1,5,699,1576,58,457,927,0,19,34295
5237,2,0,171,473,46,40,246,3,2,3539
9169,0,3,340,422,18,78,127,0,22,4062
1725,1,10,895,153,5,40,28,4,7,2034
885,1,11,113,121,9,28,53,4,20,4781
49810,0,25,170,1974,132,337,530,5,12,37853
27616,1,28,808,1313,123,155,528,2,7,32362
18359,2,4,644,2011,148,484,1210,3,4,14792
8387,1,22,63,1001,68,160,422,4,6,16374
3354,0,28,949,197,13,28,116,4,4,1548
3051,0,20,43,202,21,39,67,6,8,2423
4820,1,15,251,397,26,123,179,5,4,5314
12451,2,12,976,818,49,181,473,1,7,9662
19307,0,12,899,663,40,92,284,1,11,6633
16690,1,16,122,1712,81,188,758,5,3,15788
5426,0,26,327,350,37,78,172,0,8,4814
46971,1,6,32,5686,245,1781,3256,2,21,93092
20585,2,7,567,1484,165,401,277,6,21,22655
12623,2,12,833,359,19,51,110,6,13,6522
14690,0,22,656,618,68,127,208,5,18,9805
8660,1,26,127,672,67,222,393,1,12,16708
4769,0,15,994,204,16,26,124,2,2,1696
7100,1,29,710,278,25,65,56,4,3,2818
21772,1,28,652,3662,217,666,739,5,0,25433
717,0,30,943,40,3,4,23,0,21,568
2350,1,3,221,386,21,34,111,2,0,4708
1206,1,7,427,78,5,18,20,1,10,988
1123,2,15,122,79,7,6,12,4,15,1185
29513,3,30,53,717,37,76,199,5,3,7424
18743,0,20,137,1155,121,207,555,6,6,21106
10141,2,9,885,590,37,51,207,3,11,6817
2044,1,24,167,151,11,29,59,6,5,1504
10647,1,11,794,1353,155,154,798,6,23,16319
10121,2,11,836,370,33,66,73,4,19,7798
3352,2,25,403,177,15,55,31,1,8,2483
9033,3,4,876,376,35,98,209,5,7,3217
8125,1,15,861,416,46,86,216,1,13,8958
14850,1,0,521,920,48,94,250,3,14,16273
15621,2,27,923,706,60,184,212,6,20,12937
1195,1,8,54,123,8,15,36,4,21,3716
7540,1,11,117,458,14,44,210,2,4,5864
15246,1,4,228,2145,88,588,372,2,14,34566
10991,1,21,452,513,30,178,195,4,5,6959
29620,0,19,839,592,47,126,123,2,0,10662
16624,0,21,324,1200,131,104,650,6,19,18248
3167,2,27,186,224,22,75,73,5,8,3824
1597,0,23,237,125,9,11,50,4,3,697
15925,1,2,712,930,34,311,147,4,1,6857
903,0,4,992,42,2,8,7,1,5,213
13720,0,1,681,382,24,70,180,0,1,2405
42758,0,13,915,1463,125,347,755,1,2,10517
13351,0,1,276,917,32,332,448,2,6,12274
7869,2,12,879,594,46,204,298,0,19,11486
15962,1,6,847,879,97,189,171,4,16,11713
9694,3,9,388,362,33,102,174,2,8,6508
12332,1,12,498,1555,158,387,361,3,21,42239
43071,1,15,711,2488,227,704,476,2,8,56552
7818,1,25,696,341,16,110,174,0,18,8834
49236,1,13,299,6106,243,521,3518,0,4,53924
35863,2,10,366,3165,331,546,1558,4,5,26283
3768,1,9,666,638,59,231,341,5,17,8398
1578,1,5,753,273,22,98,170,3,0,3411
2093,2,3,881,118,5,9,24,4,16,748
775,2,20,959,28,2,3,17,3,13,716
1988,2,0,213,86,2,32,37,3,14,1640
17733,1,6,222,743,30,165,400,4,4,10194
1607,2,23,561,167,9,41,76,6,16,2691
6262,1,8,796,735,51,91,309,2,20,12951
28452,1,7,332,3370,137,1156,1637,1,20,78866
853,0,4,603,48,1,6,14,3,22,451
25767,1,18,190,2834,270,373,1681,6,22,69351
5466,0,9,508,414,33,59,82,0,10,3772
2386,1,10,329,127,9,44,37,4,9,3535
18397,2,24,92,1552,109,443,246,5,16,19531
15370,0,14,312,743,87,227,204,6,0,15266
31991,0,5,271,698,24,131,174,2,4,8690
20424,0,14,793,983,45,341,165,6,15,13481
24904,2,4,209,2517,222,784,964,3,6,36699
5470,1,28,249,339,14,101,126,5,11,6026
3429,1,18,923,189,15,69,34,6,7,4975
21331,2,21,701,1387,112,256,376,2,17,17324
25163,2,18,953,1405,164,362,853,6,0,23205
70355,1,9,692,7440,814,2588,1471,4,19,204621
8481,1,11,304,547,62,170,159,5,11,9104
7478,2,21,521,273,10,66,44,0,3,2263
22969,1,3,698,1983,214,194,429,3,11,14118
6751,0,30,890,144,5,38,69,3,21,5224
40552,2,17,405,977,84,227,314,5,0,22283
29822,1,15,758,4309,408,561,1567,2,0,51674
8905,1,7,147,923,41,313,203,4,2,9114
21346,1,3,848,1669,145,297,793,6,20,28679
21569,0,24,887,409,14,78,208,6,11,9159
2132,0,22,832,90,5,24,20,1,21,1523
35426,2,11,138,3776,426,836,626,3,20,55236
11055,0,1,58,659,29,67,120,6,12,6976
26769,1,3,685,2886,103,551,1337,0,12,43736
6286,1,4,798,549,38,56,115,3,20,9663
34381,0,2,302,861,91,113,330,3,8,13671
7894,3,8,637,223,8,17,48,1,17,2142
663,0,28,545,17,1,2,3,1,0,284
35868,1,20,320,6113,678,1064,893,4,5,47806
1935,1,17,546,175,7,41,52,6,22,3350
6269,0,10,912,343,19,120,64,6,23,3554
45454,0,2,648,878,87,208,294,3,4,9951
45619,2,29,243,2577,203,738,1119,3,3,26904
13279,3,30,218,642,67,117,207,2,5,4280
15488,0,24,614,840,33,252,408,2,2,5444
9425,1,22,103,1140,128,297,574,6,16,22360
5705,2,1,336,519,59,110,250,5,10,3944
6477,2,8,234,507,22,67,303,5,3,4413
17244,1,13,976,1414,46,234,366,0,19,21880
21437,1,3,899,1553,184,405,366,6,0,18654
24022,1,28,801,3164,232,641,1393,6,3,27528
23882,2,8,20,2466,200,842,1068,6,22,21080
1934,2,30,338,80,6,11,31,0,2,752
10730,0,12,21,279,28,27,40,2,9,5098
1389,1,17,44,223,22,56,92,5,21,4070
12461,2,14,456,311,14,105,185,6,0,9509
9238,2,27,461,650,33,119,199,0,3,3944
33299,3,9,749,489,53,131,300,3,18,21946
6982,2,15,229,819,84,118,259,5,0,9150
2367,1,11,450,130,11,31,27,1,15,1758
2814,1,19,662,239,28,74,80,5,18,4126
22001,1,4,544,851,81,285,327,3,19,27717
14943,0,1,604,978,48,104,440,2,20,8054
2099,1,9,238,228,24,41,88,4,21,6443
1817,2,0,944,122,8,32,49,4,17,949
18608,0,6,353,1020,33,87,158,2,1,6793
1633,2,25,89,86,5,24,22,3,5,1162
26377,1,16,362,1750,172,408,516,0,20,44712
18874,3,15,405,721,83,116,449,5,0,8376
1772,0,26,299,71,3,22,20,5,18,1145
1829,1,26,464,187,9,30,108,0,4,1445
65231,1,23,852,5411,436,2015,1580,4,1,49215
7532,1,2,680,556,57,177,106,6,0,5833
7445,2,13,998,536,52,154,141,6,15,6798
25633,2,9,137,1391,111,129,384,2,20,33589
44632,0,21,711,1425,123,493,882,6,1,18783
64531,1,6,918,10068,521,3141,4749,2,3,82209
21498,1,25,552,1736,119,249,1036,6,2,19343
7580,1,16,907,298,15,57,163,1,22,5859
1807,2,29,368,185,20,28,78,4,16,2084
23018,2,5,536,2681,107,992,1266,2,14,43884
12760,1,22,322,414,37,137,185,1,9,10884
8780,2,21,84,704,37,249,329,0,11,12586
36023,1,3,555,3762,273,1172,1025,4,11,52004
2268,2,16,880,193,10,40,66,4,19,3652
10677,1,26,205,1330,78,181,574,2,6,17747
671,2,8,852,77,4,10,12,2,9,569
9985,2,3,38,799,78,96,302,3,4,3407
1369,1,6,715,65,4,15,36,6,19,1730
2397,2,22,25,290,27,101,111,0,19,4311
2375,0,1,432,117,8,43,48,0,10,1142
16213,1,16,598,902,71,145,218,5,1,8023
21058,1,23,814,2405,189,683,1274,1,23,29676
13633,3,7,602,400,47,101,127,1,15,2675
49620,2,22,414,3831,241,849,2332,3,11,58980
7546,2,29,949,232,11,63,145,5,15,3325
5547,2,30,645,426,47,79,250,0,3,3677
30942,1,14,540,4630,211,1659,857,6,1,44378
4296,2,30,976,227,23,65,69,6,9,3416
50043,1,14,623,4768,207,1436,2876,6,12,116208
683,1,7,913,68,6,10,36,6,22,814
53037,0,15,86,2038,88,255,1195,1,18,59899
1161,2,18,238,43,4,8,18,0,14,1082
33765,2,10,971,2781,224,848,1049,6,22,27019
11752,1,1,306,1306,77,465,255,0,0,14881
74852,0,22,519,4381,186,890,2418,5,16,47936
1649,2,23,724,105,6,32,53,1,19,1874
12606,0,16,993,432,40,93,74,2,3,2765
52753,2,27,975,2516,162,411,618,2,19,57851
11606,3,25,582,249,12,73,103,5,8,6879
15389,1,15,547,1265,103,397,602,1,5,14314
18348,0,24,592,1051,71,142,221,3,2,8416
9591,2,14,624,238,10,39,62,4,21,8371
15315,2,12,988,754,33,168,179,5,1,4142
13667,1,14,335,1533,143,200,384,0,17,15275
35213,3,26,372,1470,173,519,869,5,22,17053
1197,0,3,678,41,2,10,20,4,18,694
5447,1,15,884,225,22,25,113,5,6,3772
45559,2,29,368,2170,82,282,1149,1,2,18462
33645,2,11,715,2917,187,1053,925,0,17,33648
9622,0,29,796,246,18,72,127,4,19,7125
15018,2,3,333,582,31,171,360,6,19,16712
5373,1,2,707,264,20,25,127,2,18,5385
3626,1,21,335,439,48,150,152,3,8,8841
9845,0,16,634,170,19,35,83,5,15,4496
7039,2,21,834,309,12,84,179,5,5,2463
13643,0,17,174,384,20,139,79,4,20,19645
1713,1,24,582,174,20,18,47,3,11,2796
55474,1,17,613,7724,419,1696,4563,5,5,76874
64757,2,22,807,5622,519,505,3394,2,12,77233
18467,1,27,464,2380,125,535,902,4,23,39939
12021,2,16,978,987,61,148,321,1,4,4829
6055,1,11,162,459,21,159,129,0,12,10188
25713,1,22,746,4286,458,833,1656,2,19,80351
17814,1,20,136,1527,167,404,913,3,6,43855
3162,2,23,202,351,19,116,76,3,11,5148
36774,2,3,636,2291,238,847,797,2,20,40266
26434,0,30,783,954,59,215,560,6,3,8301
45376,1,11,539,3556,138,752,1115,1,4,35375
19904,0,30,19,1038,101,101,536,5,15,10177
14756,1,25,101,1235,103,97,411,1,3,9762
8625,1,22,148,580,31,149,310,5,7,16446
40985,1,21,490,3581,188,338,2222,5,15,61050
30655,1,20,458,2181,256,412,725,3,7,55941
1194,1,19,342,138,14,10,76,5,16,2450
900,1,14,878,49,5,12,30,2,13,1283
7585,2,22,349,272,11,55,169,6,11,6540
25454,1,27,970,3354,328,379,1190,5,2,19510
65964,0,15,61,2087,102,342,793,2,19,98639
2945,2,4,716,288,33,70,83,0,1,1153
14025,1,20,475,524,18,142,155,3,12,21355
7692,1,14,727,553,34,118,211,1,20,12801
53055,1,16,808,5802,397,1834,1400,4,10,86067
28188,1,17,484,4769,496,518,2334,1,23,77404
27832,0,4,410,962,95,96,389,1,11,6915
9986,1,12,448,1349,85,119,783,6,17,24676
8537,2,18,887,1103,89,260,593,4,8,19073
5290,1,29,614,769,80,220,231,6,6,10780
1370,1,12,941,162,5,18,63,3,5,1220
30506,1,17,931,1313,134,350,667,5,23,19972
25641,0,13,830,1157,133,252,275,0,13,18284
123086,1,29,666,16536,543,6138,2635,1,17,160968
85923,2,3,607,4024,137,1167,2246,6,13,77090
12659,0,3,518,641,39,174,135,5,4,2621
22479,1,19,162,1207,45,297,695,1,19,40863
43942,1,19,523,4527,331,1694,2661,3,23,112900
28921,1,18,512,2740,261,1011,1008,3,12,94718
4762,3,12,863,154,12,36,82,2,0,1661
9482,0,11,910,267,12,56,85,3,11,3715
2574,1,6,781,452,40,96,253,3,18,11049
46703,0,24,685,3017,276,613,1643,1,9,27573
14477,3,11,15,527,60,123,95,0,23,4087
4394,0,20,509,210,9,32,89,6,4,2013
17207,1,3,670,1531,141,540,696,1,19,26337
14940,2,26,726,1672,187,371,241,6,5,9406
7151,2,1,127,143,10,46,88,5,11,2476
2308,1,1,494,171,10,37,58,6,20,4181
17201,1,4,610,783,35,227,309,3,2,7610
11519,1,22,675,931,100,163,222,2,13,19316
22697,1,9,960,2224,145,583,980,0,20,52439
11514,0,9,688,225,25,50,121,2,3,3864
29176,1,8,477,3114,331,576,1335,4,16,60753
12541,1,12,170,1446,92,490,762,2,16,30203
12846,1,6,279,1278,104,139,638,2,13,38350
31891,1,4,65,2664,86,588,691,5,14,35229
8249,3,25,237,336,18,44,119,3,6,5975
2658,1,9,858,181,17,60,39,5,3,1252
938,0,9,158,36,3,5,5,3,16,475
21605,0,5,55,1426,88,377,249,5,5,5949
15025,3,26,153,570,58,71,343,3,10,7946
18764,1,27,759,1933,99,379,1203,6,11,24593
4092,0,18,793,207,14,71,39,3,14,2840
2699,1,20,641,227,16,28,69,3,11,3038
719,1,7,349,62,3,16,12,2,10,1008
6975,1,0,422,256,29,34,140,4,16,4355
13870,1,27,741,1485,137,296,572,3,7,24865
7969,0,16,529,385,30,91,171,4,11,6466
9129,3,6,353,148,11,36,60,4,8,3320
35675,1,13,396,2653,117,678,1297,1,10,57690
6921,1,20,482,891,56,237,266,1,2,7978
11322,2,29,284,848,76,132,178,0,6,6643
23463,1,20,362,1487,168,290,226,6,20,32655
8076,1,16,75,876,90,75,315,5,2,9581
15096,1,8,88,835,47,255,488,1,20,21186
30247,1,16,607,5578,385,1819,1630,3,15,82612
45292,2,4,645,1606,60,216,384,4,9,16971
2886,2,25,211,259,10,35,153,5,22,3395
39674,0,24,987,1404,101,123,274,0,6,11947
10662,0,29,671,711,55,260,120,1,23,6192
4981,2,30,567,157,8,49,89,2,19,5396
9718,2,19,122,918,80,168,444,6,14,20993
59204,2,28,100,5304,494,1164,1851,5,20,95762
10677,0,7,150,536,30,87,273,0,20,10844
6479,1,5,298,732,71,186,369,3,9,17159
15552,2,10,910,1340,64,388,219,5,11,10386
4619,1,30,739,796,62,166,376,4,17,12476
1683,1,18,598,80,8,26,36,3,22,1577
2569,0,3,420,53,4,12,32,3,22,883
2555,1,17,386,290,32,34,177,5,8,5440
2971,1,0,393,111,3,29,36,2,8,1762
2741,1,12,855,405,33,86,174,2,3,3849
15861,3,13,161,477,38,169,101,5,4,3845
3511,1,23,844,343,30,66,60,5,6,3596
6862,2,0,760,340,35,66,120,5,6,2650
34564,0,29,636,766,73,206,367,6,10,15551
10135,1,28,328,974,98,227,409,6,9,18973
17019,3,10,378,799,44,149,281,4,10,10602
3336,0,16,615,227,14,84,122,1,23,1976
3703,0,3,569,120,10,19,63,3,23,2031
1125,1,25,712,65,5,10,32,5,17,893
3275,0,11,471,89,10,29,16,6,11,1395
5398,2,9,21,559,26,42,296,1,15,4904
3422,2,30,165,117,7,15,69,4,3,1883
1893,1,5,693,67,5,16,11,3,16,1008
2428,1,24,486,122,13,15,41,1,16,1424
9764,1,0,948,1002,113,371,625,3,20,24424
3966,2,6,410,313,18,67,136,2,22,3894
7294,0,25,817,312,11,79,122,5,4,1801
11000,1,26,186,574,39,70,132,2,12,15677
18086,1,20,350,1767,115,285,740,0,2,17809
1101,1,27,66,75,8,19,26,4,22,1553
24597,0,30,864,622,42,149,128,5,16,9889
15328,2,15,861,402,23,124,148,1,10,6630
1779,0,23,457,74,4,11,16,3,0,892
31522,0,13,212,630,41,170,314,6,17,24377
38550,2,22,706,2126,220,345,1312,0,16,26532
1445,2,19,642,100,3,25,37,4,8,1466
5362,0,19,747,225,13,57,101,4,19,5152
25114,0,5,211,854,99,95,301,4,6,10904
21190,0,21,339,1360,59,325,287,1,4,7600
3559,1,24,372,287,27,22,176,5,15,3491
4023,0,27,901,166,10,37,34,2,6,2009
7441,0,4,463,92,7,26,18,0,12,3087
10439,1,23,365,1097,42,106,402,1,12,19664
14945,2,20,225,453,26,161,210,3,14,15747
7404,1,17,981,461,34,98,145,1,22,5928
9813,1,14,564,1174,59,418,278,3,16,17074
21143,0,5,896,1072,84,114,581,3,16,10883
1060,3,24,32,38,1,13,12,4,18,681
4864,2,28,164,363,32,39,86,1,9,4777
19242,2,18,195,1373,152,293,441,2,1,15663
34336,2,0,258,3520,132,1254,873,3,13,65098
11251,2,0,758,1051,52,152,416,6,22,7266
11892,1,12,814,2076,220,177,973,4,2,15501
2200,0,2,143,110,9,34,58,2,6,1644
9397,1,9,330,1504,55,381,382,1,10,18978
11909,2,20,399,559,41,128,125,2,16,7866
4665,2,2,443,149,7,12,22,1,14,2369
5205,1,8,31,821,39,222,209,3,18,12580
7604,0,7,882,566,64,71,88,0,10,3306
804,1,2,609,92,9,32,28,0,14,1235
6330,2,24,674,841,77,236,180,5,14,9011
4063,1,30,134,486,25,139,206,5,5,4907
6451,1,12,88,277,11,40,91,3,14,10214
2413,1,5,867,222,24,75,42,2,8,3114
33681,1,12,977,2283,69,539,772,1,4,18883
14005,2,22,60,702,45,233,172,0,18,16631
17549,1,19,737,1482,81,231,703,1,23,16169
23850,2,19,185,2918,237,880,937,3,4,26512
10850,1,11,879,1434,75,354,308,2,21,19562
1863,1,12,262,221,12,19,69,6,12,4733
12053,0,1,975,227,24,44,57,1,17,2941
13758,2,20,255,492,41,64,261,2,19,19260
21023,1,23,748,2296,98,419,1427,6,16,34669
8975,1,22,115,535,51,101,83,0,14,12893
2547,1,15,202,161,7,35,77,1,13,5258
5506,2,22,325,428,29,109,116,4,15,6373
7266,0,5,311,227,20,55,40,0,3,1318
16073,2,18,557,1923,104,166,290,2,16,21530
13186,1,20,963,520,33,156,297,3,19,19781
7103,1,12,725,321,30,115,101,4,13,7879
65092,0,16,943,1106,126,198,693,5,17,19656
14462,1,22,788,1220,94,157,437,1,5,7091
4561,1,8,277,374,11,88,87,5,21,9655
2110,0,16,179,141,8,40,73,0,7,2876
2988,1,28,560,200,13,55,118,1,8,3391
4734,2,1,464,430,26,111,232,1,23,3865
3127,0,18,660,79,5,9,39,4,0,1163
3597,2,18,301,356,30,116,109,4,12,6907
5534,1,23,573,192,7,38,33,4,2,3261
3356,1,6,808,291,15,41,70,4,5,2097
34561,1,21,810,3881,293,391,1401,3,16,46915
1754,0,30,150,123,7,24,74,2,7,2205
11651,0,9,155,581,69,151,287,4,5,6772
8424,0,9,434,281,19,77,153,0,15,3155
61079,0,26,323,1640,177,596,457,1,0,20705
2282,1,19,193,421,46,50,200,5,9,7069
8108,2,8,673,197,20,73,110,4,17,4854
52835,2,16,722,1881,64,510,709,0,21,49334
30593,1,26,137,1682,193,355,593,3,13,46709
25979,0,14,296,646,26,220,318,0,23,16643
4974,1,1,832,253,8,71,105,5,4,1774
3310,1,30,262,421,28,75,263,5,16,7997
17068,0,29,787,983,46,334,344,0,13,10574
40255,1,3,709,6849,319,1883,1571,3,17,53773
12704,1,18,395,463,25,131,172,5,3,6240
13215,1,16,239,861,45,296,222,3,19,26971
5427,1,4,280,657,60,137,273,1,22,8072
22512,2,6,780,1274,59,346,261,4,1,9674
3606,2,17,820,308,24,91,186,5,6,3180
6366,1,20,424,709,84,149,398,0,6,10243
8812,2,21,207,376,25,37,82,2,6,6851
11127,3,26,332,412,36,126,93,2,12,7216
4664,1,6,65,541,63,48,212,6,18,15566
2329,1,16,840,86,3,24,44,1,21,3181
14647,1,6,212,2670,180,929,668,2,5,22114
5608,2,3,792,377,40,67,65,1,19,3662
13556,2,7,630,606,69,64,247,4,16,8913
3014,0,12,637,71,5,10,34,6,17,1276
10341,1,3,613,452,19,110,118,1,23,5126
11908,1,5,147,1281,142,458,645,3,0,21887
1298,1,24,431,78,3,17,47,3,22,1772
6655,0,4,824,175,10,19,36,6,12,2724
2665,2,29,66,76,4,20,29,3,18,2268
1482,1,11,571,163,11,48,27,5,15,2312
69518,2,3,80,5842,590,1127,1428,3,9,64879
6336,2,23,920,645,65,187,121,3,12,11651
25401,2,28,923,1032,97,177,351,3,9,19554
4908,1,8,603,592,18,184,321,3,13,12911
17662,1,3,381,2669,215,473,1132,5,8,34576
21920,0,18,626,1809,175,274,456,3,20,22432
14081,1,23,609,1313,91,444,214,3,10,15397
10067,0,13,523,400,46,95,165,4,2,4527
8461,1,4,881,1031,107,165,215,5,7,9364
6935,0,17,93,181,15,64,56,3,11,5170
40288,0,9,52,2071,73,584,811,1,2,19937
27134,0,24,675,1366,121,192,796,6,6,17880
50797,0,18,848,3556,398,922,653,4,13,57151
2490,2,11,943,217,13,72,101,5,6,2016
20188,2,17,615,1145,120,325,172,2,6,12022
42291,1,16,819,3079,179,457,1385,0,13,55849
3499,0,29,142,73,5,19,30,5,11,1303
1532,0,23,404,63,5,16,33,6,0,1096
20770,0,10,74,966,87,310,388,4,4,11490
13316,0,2,299,535,58,68,168,3,10,7099
28161,2,22,385,1111,56,316,291,4,0,23676
2758,0,16,778,151,8,12,28,0,22,1493
24290,1,0,476,2246,209,637,906,0,12,27880
3877,0,14,907,215,9,78,123,5,23,2321
3180,0,27,222,162,11,20,63,3,22,1903
3191,1,8,157,438,13,73,220,3,16,7163
25776,1,14,582,3444,147,860,995,1,2,21992
16913,0,27,480,1061,96,312,383,0,9,11475
11605,0,23,158,551,53,98,166,3,18,14836
7166,1,27,97,850,34,233,167,0,6,9936
31958,0,28,333,1846,93,636,639,1,19,35076
7974,0,2,904,706,27,206,363,2,2,3329
25941,3,21,405,654,45,188,219,0,21,9855
9174,1,26,799,346,14,65,159,1,11,4678
7596,1,18,413,523,36,182,268,1,21,18166
9817,1,12,91,525,50,83,157,6,9,15940
5879,1,11,650,340,31,46,180,1,20,7045
21151,1,19,295,984,54,181,303,4,11,20650
10979,1,0,391,825,74,222,221,5,14,12221
4463,2,20,874,233,26,77,58,3,5,1591
34975,0,16,801,2390,146,273,576,0,18,31371
7764,1,12,279,553,32,176,277,5,4,6426
12264,1,0,301,1472,119,469,846,4,19,26276
36042,2,9,462,2712,141,680,694,0,1,13087
15181,1,14,724,1270,112,385,235,5,20,21111
2364,1,26,33,256,26,33,75,4,18,4441
42659,0,26,965,1343,95,169,622,3,18,28503
15321,1,29,872,743,67,248,240,1,3,7895
6617,0,6,320,192,17,43,78,5,19,3827
2749,1,27,470,196,6,29,99,5,4,1813
24200,0,21,217,1214,56,341,415,0,6,14602
15016,1,17,801,1563,172,535,984,1,3,20665
11936,0,15,726,277,31,73,79,6,10,7263
34149,1,13,673,2133,213,382,1321,3,22,38598
23809,2,26,447,1202,135,264,291,0,2,7903
2967,0,27,547,178,10,53,35,2,4,1166
6103,1,17,715,456,23,43,232,2,19,15043
4785,1,26,345,263,16,36,127,2,14,7876
20935,0,6,431,621,21,132,334,3,20,18739
1011,2,16,759,29,2,7,9,2,17,602
13155,0,28,330,253,29,44,150,5,15,7004
22061,1,17,506,2325,242,382,469,6,15,36915
31905,1,11,596,1082,86,94,171,0,9,21772
6780,1,7,956,958,54,81,277,6,0,10522
26327,1,21,172,4209,201,667,2237,6,22,66703
2258,1,30,820,152,9,35,71,6,10,2788
28606,0,29,550,1356,122,328,482,5,16,15154
2545,2,1,174,265,18,59,71,2,23,2217
8094,1,6,858,1390,158,275,240,6,14,15841
24440,2,3,707,1199,128,180,369,6,6,11873
2936,2,17,575,251,9,48,92,0,5,1817
4405,2,27,304,357,14,41,170,5,14,5317
19715,1,5,51,1175,106,128,538,3,14,23109
19596,1,26,933,3354,170,553,2027,1,6,47097
15872,2,30,294,1040,105,388,200,5,2,7554
18260,1,8,948,1938,161,335,595,4,13,31708
12237,0,26,396,828,41,294,313,2,8,11482
4851,2,8,147,450,32,86,211,4,2,3418
6862,2,13,196,287,19,59,110,1,5,2975
3506,1,7,919,159,17,49,93,3,19,4948
36363,0,30,725,1799,59,185,791,5,8,15506
13634,1,18,440,2034,225,263,332,3,0,31710
8183,2,2,563,520,46,190,103,1,8,5926
9798,2,17,871,829,79,187,422,4,11,10263
44642,0,4,425,3164,95,279,1556,5,3,16871
2997,0,13,809,155,13,13,33,2,15,1430
13736,2,27,435,432,35,149,74,0,4,4872
11074,1,29,425,1225,95,412,520,6,16,24153
14680,1,3,35,2377,239,505,1076,3,16,29096
774,3,6,380,31,2,3,6,1,5,173
31350,0,19,394,1715,183,555,641,5,14,34064
40849,1,24,65,4514,229,778,1320,4,0,83129
12990,0,27,262,365,37,73,217,2,12,11636
18393,1,11,643,1631,75,456,408,4,15,20353
38862,2,1,115,2457,253,444,1229,2,1,20284
18925,1,10,139,1452,166,382,574,5,18,39065
2982,3,13,858,46,2,15,6,0,22,770
13380,1,21,679,1000,77,314,395,0,1,10138
14498,1,30,385,1644,146,311,316,6,20,34235
8778,0,22,752,177,6,28,82,1,11,2614
20502,1,15,976,2286,170,367,957,1,11,28947
41355,1,19,317,4673,291,839,696,2,7,71880
39468,0,28,100,2505,271,558,609,2,11,29722
9490,1,5,402,1281,139,256,667,2,23,15108
2302,1,22,543,140,13,16,38,2,10,2796
63337,2,3,811,4759,423,590,1840,6,1,26844
27885,1,14,119,3579,343,636,1058,5,0,59605
2497,2,23,570,174,10,42,102,5,3,1393
38544,0,24,650,3056,202,772,1236,0,8,23218
31091,0,0,594,2226,177,491,1073,1,6,14107
11473,1,6,349,685,78,203,126,6,21,21033
13920,1,24,574,671,63,198,109,1,9,12923
8137,0,30,988,347,27,70,93,3,19,6576
1344,2,11,365,74,7,8,21,1,13,887
6623,2,9,901,246,15,57,117,1,0,3741
24857,1,4,177,4391,420,831,1846,4,4,51512
569,0,11,566,25,1,2,8,4,12,409
6585,2,17,461,385,21,142,177,6,5,5104
8116,1,9,914,1169,99,217,261,3,21,17062
12063,2,5,114,1377,126,361,240,2,16,13127
38358,2,27,159,2135,152,474,1194,3,14,54784
6877,2,11,155,562,45,66,234,3,6,6989
6891,1,6,725,749,69,68,344,0,7,9438
20562,0,17,883,923,91,242,270,5,20,10460
9528,1,1,308,582,64,86,189,1,1,4072
4315,1,9,176,132,8,19,24,0,17,2724
9534,2,14,722,520,60,188,291,6,20,14879
2777,0,29,655,97,8,20,41,5,22,909
3410,0,11,732,295,29,24,54,6,6,2563
10848,2,25,57,838,77,148,448,1,19,19468
8643,2,16,647,640,31,160,230,6,15,6943
37449,2,3,248,4221,153,732,2177,3,18,61599
7250,2,6,16,734,69,60,110,1,8,4186
13533,1,29,473,740,56,154,116,2,11,14286
15505,1,8,462,663,61,70,150,2,13,14518
697,2,30,793,66,4,17,16,3,6,547
16839,1,18,906,1390,80,362,716,6,1,17412
3440,1,27,380,433,24,37,211,4,16,8341
49189,0,26,558,2864,274,464,1269,2,10,33011
2914,1,22,496,289,15,57,165,3,17,4566
8532,2,6,220,513,48,123,135,0,11,6772
1838,1,22,174,229,14,37,133,4,2,2764
87021,0,1,134,2086,207,336,1222,2,20,49490
10963,1,5,346,1722,73,636,611,3,13,38867
14072,0,17,201,306,14,26,58,3,14,11080
1541,0,5,739,82,7,30,40,0,18,882
21292,1,12,223,770,61,68,236,0,9,17689
4034,2,25,583,235,11,37,124,4,8,3731
34749,1,18,337,1354,150,302,302,5,9,28106
3943,0,29,966,134,7,15,54,2,19,2725
3673,0,1,390,156,10,18,60,3,22,1922
1058,1,11,682,124,5,18,23,4,3,893
10081,1,14,587,442,28,162,141,6,18,18489
12980,2,13,807,744,55,140,137,4,9,14685
1519,1,5,248,237,13,58,87,6,16,3502
22910,2,17,541,1836,182,525,1016,0,11,25176
9557,1,4,709,307,20,91,84,3,0,4887
11647,1,17,91,1238,118,348,638,1,10,28218
9217,1,2,372,373,18,65,86,5,12,6460
8181,2,2,514,761,48,82,358,5,0,6255
12802,1,21,211,1150,35,183,677,0,0,16588
3030,1,21,929,430,42,59,129,6,20,8725
3512,1,9,513,301,25,34,175,3,15,5118
30184,0,18,653,1936,200,159,754,4,6,17207
44313,1,2,46,4301,305,1529,1281,5,22,24475
7509,0,28,653,308,31,108,178,4,9,4926
5235,1,11,598,342,30,30,54,2,15,5372
15992,1,28,610,1963,59,249,309,1,0,16369
8382,1,15,982,995,52,116,433,0,21,18335
885,2,16,411,60,4,9,31,6,8,1119
3046,2,6,774,212,18,28,107,5,5,1081
19380,2,12,865,2535,91,909,462,2,14,32833
16634,0,23,715,1236,115,123,748,2,3,8650
912,0,1,185,20,1,2,9,1,14,463
4264,1,3,554,559,43,55,338,0,9,8933
4441,1,9,579,345,19,127,104,0,15,4425
17216,1,6,476,2437,203,854,1172,4,12,69854
798,0,23,210,40,1,11,22,0,18,790
2149,1,16,549,324,11,65,106,2,19,7641
24635,0,19,556,1457,139,192,893,4,3,16078
3450,2,5,646,348,20,49,94,0,19,3548
16365,0,18,403,1045,63,217,310,6,21,22168
4580,1,4,842,184,8,56,108,6,15,3423
2071,0,9,51,91,6,14,55,1,10,1300
4679,1,8,606,382,13,64,107,2,14,5034
19716,1,26,402,3487,198,889,733,3,10,56808
29537,2,12,709,780,60,114,400,1,22,8937
27098,2,18,632,723,51,180,430,1,10,12415
8092,1,20,792,351,42,67,153,0,2,3081
17043,2,23,450,411,26,35,185,4,23,11858
3940,3,5,846,203,13,39,104,4,23,1305
5704,2,3,626,325,24,114,70,6,16,4002
34498,2,23,515,3564,167,580,2199,2,4,25882
696,0,26,927,40,4,6,12,0,12,302
1840,1,2,329,214,17,20,96,4,9,2480
3995,0,2,562,119,5,30,44,6,4,1462
903,0,3,224,29,2,9,10,5,11,273
3503,3,24,80,109,3,19,52,3,7,1837
13621,1,4,577,747,88,109,468,5,23,13091
8707,2,7,928,460,49,166,213,0,11,5537
33977,2,15,245,1669,137,498,884,0,15,30913
26010,2,21,290,875,35,214,137,4,1,11225
6774,3,2,996,131,6,21,70,1,2,918
5004,0,30,626,223,12,31,64,0,17,1734
7663,0,23,911,152,7,44,31,1,16,2437
13884,1,11,896,1747,130,404,347,2,1,11219
5180,0,24,171,141,16,32,66,6,21,5939
15178,0,7,200,662,46,64,416,2,11,10740
8399,1,12,18,1384,123,316,647,4,16,18490
12546,2,3,69,1014,93,326,275,2,5,8914
9093,1,13,902,1380,149,495,335,5,16,14310
5731,1,13,826,517,17,55,206,5,1,4379
44979,1,12,234,4166,276,1101,731,5,7,73737
22133,0,26,828,1061,106,260,358,4,13,15194
2764,0,5,709,71,7,24,33,4,5,811
30927,2,16,591,1122,127,337,689,5,8,28935
10524,1,3,814,1591,148,580,558,1,0,12443
34243,2,7,296,3146,163,1142,759,5,4,24693
24630,0,16,178,1291,97,184,698,1,6,16585
8806,2,2,71,902,29,263,456,2,8,11277
840,1,16,358,81,7,18,45,1,13,2138
5193,1,8,451,650,51,90,161,0,8,8765
12201,1,1,23,1234,111,164,420,3,3,4806
15555,2,24,173,706,80,70,438,0,19,18903
4973,1,12,429,457,41,143,100,0,14,9920
2751,1,19,766,565,33,97,265,4,3,3958
27520,3,1,856,815,39,270,211,3,2,4142
62909,2,19,529,5130,548,1320,1985,4,23,78512
11688,1,27,675,1364,64,377,727,1,20,22087
3325,2,10,557,298,13,48,113,5,22,3512
5268,1,26,569,233,11,49,124,6,21,9167
778,0,25,606,25,1,4,8,6,13,456
37353,1,21,37,3364,138,490,2118,6,8,56692
2379,2,14,717,125,14,40,44,1,18,2864
13388,2,10,455,816,95,213,176,3,5,6802
5304,1,22,217,298,35,25,101,2,2,3424
12617,1,2,479,939,31,301,474,1,17,10666
16308,0,2,725,507,58,54,281,0,15,4804
27056,3,27,985,1097,131,215,403,3,2,5427
3968,3,25,828,91,10,22,39,3,1,975
665,1,11,113,39,3,3,21,1,1,440
2708,2,23,751,124,11,33,66,1,22,1411
35041,2,4,435,3594,147,980,1666,4,9,48939
31559,1,19,110,3162,343,856,1707,4,14,112871
14147,0,6,550,403,14,49,170,0,2,3916
14263,1,6,648,1841,107,279,269,3,7,21017
16906,1,12,859,2596,309,387,425,6,17,31020
3392,1,8,531,137,9,49,84,2,10,3896
37373,1,24,115,2174,90,207,466,2,6,33192
8639,2,20,688,489,57,99,166,3,18,11294
7746,0,12,987,275,32,92,164,0,6,3831
11475,1,11,778,482,22,147,115,6,1,5865
1221,1,12,816,62,6,19,34,4,5,1006
3227,1,23,286,257,16,94,139,4,4,5276
20593,1,9,74,3216,206,614,2004,4,13,108892
1796,1,0,792,162,8,27,45,2,17,1046
14363,0,24,909,1012,34,85,300,2,3,4732
4722,1,7,197,811,43,97,472,0,3,8472
7897,1,21,326,363,12,88,93,2,23,6890
5609,0,15,925,270,30,33,110,1,12,2860
7093,2,12,147,690,61,204,336,2,22,12465
19543,1,2,352,1512,166,130,417,4,20,28877
5788,1,2,114,690,65,105,414,0,0,8354
13034,2,23,555,1191,49,337,556,3,19,22258
10195,0,4,389,767,87,116,128,3,4,4291
16844,0,25,119,318,35,93,66,0,23,8739
41928,2,10,953,5213,319,1948,1234,1,2,22273
20283,1,29,554,3633,145,1141,955,3,20,93730
4129,1,6,363,347,32,61,173,4,18,9325
975,2,20,752,39,3,13,7,3,12,1134
5062,2,23,326,154,17,13,48,3,6,2582
14060,3,9,275,642,22,187,376,4,9,15737
1291,1,9,703,132,5,10,54,2,2,979
10788,1,19,861,838,70,106,228,1,22,9960
14126,1,1,74,870,74,323,529,6,1,11364
6602,0,2,342,192,6,35,50,4,6,2582
22604,1,7,522,1978,130,635,1154,4,8,45020
2190,1,30,142,163,13,30,80,5,20,5637
1671,2,10,601,149,14,48,75,0,11,1729
20039,1,12,792,2777,162,1012,1432,1,21,64772
10762,1,6,762,1005,73,206,392,2,9,13711
17990,1,12,549,1472,152,357,794,5,18,31683
9059,0,1,744,164,18,43,90,6,12,3787
4743,0,5,544,151,7,53,48,4,9,2963
26147,1,8,505,1745,92,265,590,6,4,19427
24597,0,30,630,580,66,149,334,6,14,18847
18296,1,19,628,2892,189,498,1153,6,20,52918
5264,2,24,666,299,28,41,169,5,2,2338
13882,2,1,378,748,63,75,335,2,7,10301
7217,1,17,875,597,33,155,258,5,5,6368
1940,0,15,918,61,5,20,9,5,18,1227
37890,2,24,919,4894,435,882,1365,5,16,27457
2706,2,11,660,89,7,21,34,4,9,2113
45507,0,6,805,1678,65,449,720,4,0,19188
9359,2,6,819,874,104,174,393,0,12,9422
3570,1,16,108,215,14,74,105,3,9,8147
12210,2,12,326,384,33,70,177,1,11,8734
31447,3,10,132,386,42,43,214,0,1,5142
20264,0,5,329,679,46,80,195,2,9,12518
25141,2,28,808,898,89,307,409,5,20,23125
16628,1,22,602,640,75,237,108,4,22,14580
18178,3,26,504,643,40,103,242,5,0,7318
28876,1,13,466,1584,105,187,434,4,0,26388
4808,2,5,531,509,56,111,167,6,19,9443
10583,0,5,529,476,21,137,150,1,14,4369
4250,1,1,926,518,16,134,89,0,21,5010
66433,0,21,726,2596,290,935,962,0,0,26109
43751,3,19,324,787,81,252,493,2,20,37352
1103,2,24,955,110,12,36,31,6,8,1251
18840,2,14,718,1398,49,332,701,0,23,10867
39403,2,27,719,2548,112,441,1045,0,6,27460
3487,0,16,551,65,2,18,19,3,15,2192
13088,1,28,488,2559,234,528,479,1,15,18943
37562,0,7,922,858,72,138,213,5,12,20806
1018,0,4,980,25,1,3,13,0,9,394
18431,0,16,29,517,18,120,144,2,17,7156
5793,1,19,569,306,26,77,65,5,8,5932
39233,1,0,978,2765,224,679,843,4,11,23449
53637,0,21,139,2193,88,241,938,6,23,38452
43807,0,17,302,2467,275,606,1198,6,12,41955
10142,0,14,906,871,41,109,289,0,10,6221
30212,3,4,141,706,68,193,272,0,14,15512
28421,2,6,365,2085,228,424,761,5,9,31807
6265,3,17,63,91,7,29,13,4,9,4887
26983,1,5,899,1797,93,554,604,3,8,28692
1065,1,21,802,78,4,22,33,1,2,671
14105,2,20,396,813,89,231,342,3,22,16166
4420,1,4,274,340,19,82,172,2,15,5689
2427,1,29,991,270,26,25,126,5,11,2636
1701,0,18,224,108,12,29,30,0,16,1426
18375,0,30,469,1164,139,250,312,3,14,22989
6729,1,9,467,454,35,98,167,1,2,5080
19852,1,14,811,3752,391,708,1876,2,4,47680
1513,1,9,52,183,21,64,34,6,12,3779
6181,0,26,595,363,23,54,219,3,23,5214
12131,0,15,871,832,43,141,339,0,5,4841
23961,2,11,287,628,25,228,183,1,8,13970
6257,0,17,847,519,22,165,249,0,18,7350
15248,1,22,763,1513,161,119,250,0,6,13788
33070,2,0,139,3878,321,1345,1471,2,12,59212
14851,0,15,359,536,58,76,203,1,21,9711
4478,0,21,715,355,35,101,79,4,4,1869
870,1,5,553,128,11,30,70,6,15,1978
31114,1,2,115,2749,233,648,1460,0,3,23241
822,1,1,921,73,2,21,15,1,4,363
31655,2,27,725,1969,213,270,631,0,19,27836
11791,0,1,10,479,32,58,92,3,18,6987
42469,1,29,766,3599,289,973,2002,3,22,79690
24550,1,12,593,4160,133,674,1252,1,5,29201
93232,0,8,441,5729,654,2103,2048,6,3,52980
6978,1,15,315,1406,156,295,423,2,0,24838
22362,1,26,918,2799,220,303,824,4,16,32586
8210,1,4,536,836,68,234,424,3,8,13098
10305,0,22,62,596,55,99,302,2,15,8814
15312,1,27,949,1688,90,201,667,4,22,22150
31533,1,20,529,4159,207,839,1928,3,1,47006
62605,2,6,339,4175,378,1520,1639,4,10,67356
22432,0,12,567,644,25,127,101,5,4,5944
8613,1,19,334,572,40,102,100,0,12,12860
8706,1,23,123,730,54,152,241,1,19,15853
20567,2,28,156,1067,68,83,542,3,16,18807
4592,1,26,175,488,22,56,286,3,14,13843
2256,1,29,388,131,8,43,20,0,21,3379
7068,2,25,148,558,33,205,180,3,11,8597
5579,2,12,638,281,21,34,71,3,5,2536
5771,1,26,308,603,54,142,325,5,19,16444
4490,1,25,285,634,74,231,351,3,12,20901
1145,2,6,925,79,3,9,19,3,17,752
770,3,9,798,37,4,4,18,3,23,271
66499,2,14,859,4287,238,1513,2141,2,14,120186
8873,1,20,834,388,32,111,89,3,14,8239
7775,0,26,187,351,27,42,124,0,7,5471
17574,1,5,851,1332,106,257,593,5,18,20988
4193,2,4,363,489,46,44,76,3,22,3831
45424,1,22,163,2744,176,561,934,4,13,100305
23650,1,27,935,4721,277,1455,1035,5,6,42264
1904,2,1,210,90,9,21,36,5,13,1242
8608,1,20,887,1407,70,378,778,4,4,13569
32194,2,14,124,1129,52,195,450,0,14,30904
43933,1,25,680,4338,136,535,700,2,20,62728
9949,1,15,563,1493,73,117,236,6,14,23338
14755,1,30,768,2041,156,655,894,6,23,29940
3241,2,18,77,95,7,25,28,0,3,1028
71441,0,8,454,1591,84,228,671,2,0,34953
4453,0,28,454,168,6,33,37,1,16,1527
43400,3,21,335,546,52,172,284,4,19,28738
16232,0,28,855,328,32,77,184,5,0,6528
14537,1,25,717,1035,123,170,596,5,15,14257
11282,1,18,611,914,101,141,266,5,12,15423
4433,1,6,632,413,46,57,192,4,17,4763
3413,1,3,889,155,15,49,43,4,9,2561
4236,0,29,368,122,10,30,62,6,22,1861
3595,1,2,154,325,13,93,65,6,17,4511
23183,1,23,284,2179,187,725,1121,6,16,60733
6964,1,28,518,338,11,125,120,2,8,6550
1393,0,19,188,43,4,6,24,5,13,1060
52656,1,10,762,6841,501,884,3441,0,20,95279
32784,0,0,847,1885,174,402,616,2,12,16299
39914,1,5,840,6820,236,583,3976,5,19,104694
79700,0,25,486,5469,427,1709,1540,4,19,82821
3365,0,10,852,121,6,41,74,4,13,2436
8068,2,26,985,589,32,165,304,4,10,9177
21797,1,0,423,1602,104,248,1001,5,12,24840
18361,2,20,162,1494,44,167,254,6,16,17026
3006,3,6,113,80,5,15,22,4,2,911
25878,1,30,84,3246,239,1054,1636,1,0,46718
4312,0,5,137,232,24,41,137,4,20,5340
4300,1,13,720,223,15,19,35,5,4,1535
12049,2,1,675,988,61,155,142,6,12,7652
13981,1,26,577,406,48,151,109,2,23,13392
13515,0,3,799,494,40,137,275,4,4,4084
1939,1,10,354,61,4,21,31,6,4,1436
31989,2,14,540,1923,143,591,594,6,22,37926
5130,2,17,168,191,19,45,27,3,11,5429
2580,0,26,547,206,12,24,85,1,1,801
33439,1,0,435,2582,167,463,670,5,22,24682
47235,0,30,690,2039,199,509,1032,4,15,26221
30221,0,2,32,1204,44,404,434,3,16,7558
25372,2,2,56,2395,258,372,1134,5,4,14201
16473,0,30,534,1167,80,129,651,2,11,13076
12506,1,27,738,1932,159,468,781,1,14,30667
1865,0,6,843,73,7,9,22,6,5,565
8375,2,0,715,805,43,207,416,4,12,8386
7494,2,24,153,608,66,93,165,2,10,9175
5011,1,10,594,447,52,64,258,5,16,5148
19778,2,5,677,1118,83,217,199,3,8,13650
10773,0,19,598,752,85,190,413,5,15,6471
1767,1,2,428,138,4,32,26,5,16,1336
4230,1,30,690,365,40,54,62,1,19,3783
17745,0,18,982,949,55,324,304,4,23,8669
1687,1,1,808,263,15,28,160,2,17,3038
29077,2,17,94,2397,121,208,1490,1,12,45119
10752,0,29,425,162,9,41,39,3,10,4577
10325,1,11,703,314,15,35,67,6,12,7274
13962,0,28,491,424,47,96,133,4,23,6588
26617,0,9,465,2284,253,823,703,6,12,41642
6911,2,4,836,555,21,157,284,1,11,4368
17498,1,8,306,2009,86,522,722,3,13,38363
13011,1,1,121,1174,126,290,614,3,12,21040
5159,2,1,971,441,29,56,223,2,8,5510
32133,0,27,239,2504,113,512,1064,5,13,27579
24449,1,5,105,2868,217,509,1574,3,0,59535
16613,1,28,959,1632,110,589,390,3,8,33259
29015,1,30,689,4228,210,624,941,5,3,21624
30794,3,9,387,367,34,79,186,0,11,11082
18983,2,17,165,1661,144,592,436,3,23,33043
27711,1,11,430,2318,90,722,336,4,13,51471
18433,2,3,114,628,71,228,368,6,8,13365
17598,0,21,714,1196,95,307,534,6,2,8006
14959,0,20,339,833,43,145,300,1,5,6157
21458,0,16,448,1577,76,509,783,5,2,12740
3090,1,14,141,155,6,25,47,5,0,2881
32413,1,5,876,3053,208,379,1854,5,21,42394
31317,1,15,391,2834,119,813,502,4,20,94998
945,2,16,147,35,2,9,15,5,2,386
26714,1,2,952,2684,116,909,1400,4,13,56305
2569,1,9,852,128,11,46,47,6,19,3109
6622,0,4,279,176,17,58,89,2,1,3138
20909,0,13,559,735,58,68,436,0,11,9569
3128,1,25,405,188,17,51,95,5,9,3880
26053,1,28,566,3674,420,1140,1081,6,12,69295
27268,2,20,922,658,57,243,274,0,19,15996
11122,0,12,473,501,31,93,294,6,3,3846
596,0,25,684,46,3,5,16,5,18,518
5574,1,5,459,484,52,160,230,4,21,13981
14892,0,30,340,913,38,155,338,6,0,8085
60097,0,11,262,3594,213,914,729,1,10,45099
15487,2,25,690,1782,146,342,307,0,15,13501
5012,0,7,972,189,17,36,114,0,18,2808
15577,1,4,294,2164,213,637,955,4,18,55679
12147,1,29,283,1122,65,205,218,0,11,14893
23201,0,14,29,1102,47,311,617,2,2,10975
2197,1,26,248,149,17,11,59,4,22,3201
21971,2,15,279,1164,42,200,604,0,23,20762
12189,1,0,427,1894,73,323,389,0,17,8805
49949,2,15,954,2835,211,849,1657,0,16,45088
6775,0,4,319,269,27,45,115,4,4,1800
15520,2,2,40,682,67,180,342,1,15,5105
40829,0,19,835,2588,296,728,412,3,23,25777
2122,1,14,113,131,5,35,38,6,13,3854
42023,1,30,691,2424,154,620,664,5,18,53436
17965,2,12,195,1428,79,284,864,6,5,18396
1553,1,23,137,59,6,11,13,0,2,621
5870,0,15,219,100,7,24,48,6,5,1691
18973,0,22,423,664,21,62,109,3,11,11513
1545,2,10,290,136,12,45,32,3,19,3129
13590,1,20,968,2047,133,660,631,0,10,24996
6867,2,1,262,769,59,137,407,0,6,7229
15049,0,21,28,786,86,192,414,5,0,6238
1202,1,26,721,58,3,20,35,3,15,1172
31281,0,5,741,1218,62,190,718,1,15,12781
54952,3,25,145,2300,123,684,422,3,16,24362
52547,1,25,232,4019,242,401,2199,1,14,92354
21273,2,29,12,533,21,123,193,6,20,14694
2590,1,26,972,156,14,53,88,2,8,3171
21798,1,5,245,3367,163,809,630,1,4,24004
873,1,13,863,50,5,12,27,5,19,1451
835,1,24,474,86,4,29,19,4,7,1587
6364,2,10,237,380,20,110,116,6,20,12569
10560,2,7,922,536,30,152,84,0,0,5813
22571,2,7,663,1531,151,384,312,2,6,16998
17746,2,0,508,920,63,243,331,3,10,11592
9356,1,20,530,272,28,85,147,1,19,13104
5295,1,6,711,305,30,112,158,2,20,8880
88272,3,5,871,1034,117,324,267,6,12,25534
8831,0,20,926,229,22,65,49,4,21,5032
9505,2,7,981,424,14,49,141,1,12,3617
3180,2,18,686,424,44,135,243,5,6,3450
24257,1,21,148,2387,273,706,449,3,10,50520
18246,3,30,285,463,55,141,188,3,17,7368
4241,1,20,300,429,17,61,80,1,0,5153
1789,1,23,62,116,9,40,43,4,11,3367
17614,0,19,696,295,14,30,60,0,2,2263
16441,1,7,119,1991,106,300,364,0,0,16618
5287,1,25,724,447,43,122,105,3,3,4209
45697,1,13,957,2506,295,694,671,6,5,29982
2956,2,30,657,236,19,39,65,6,4,1826
8993,2,17,13,447,47,127,204,4,10,7504
43633,0,24,676,1097,33,209,187,3,19,37221
8663,1,28,693,568,18,42,104,0,22,5285
15763,2,15,945,1239,103,153,292,3,12,19292
8102,0,8,879,406,26,137,230,1,10,4702
5307,0,14,56,152,16,21,68,6,5,2239
62506,0,29,103,2416,138,263,1205,6,18,81472
8397,1,25,949,1130,77,316,366,5,14,18001
34178,0,9,569,885,68,183,219,1,20,24902
4419,3,28,761,172,9,54,27,5,12,1776
4094,1,21,868,528,59,176,201,4,9,10828
974,1,15,222,42,3,13,17,0,0,903
16318,0,3,445,229,15,38,132,4,12,11541
7395,1,19,861,638,67,144,365,4,5,8302
30466,1,12,517,2783,161,751,975,0,20,77944
10114,2,21,845,396,41,67,138,2,23,6670
52221,2,4,660,5128,210,447,1139,2,19,54137
3578,1,21,214,207,9,46,55,3,11,4557
30945,2,6,390,2172,251,171,1289,2,16,30191
22981,2,22,82,1253,132,451,266,1,17,14720
22605,2,8,525,2181,141,684,1340,6,23,29397
28443,0,7,85,658,57,87,256,5,7,17452
21970,0,28,850,1733,199,279,634,6,13,21747
15261,0,15,86,580,28,214,132,4,4,6832
2610,1,5,825,165,5,30,76,6,21,4244
996,1,27,777,96,7,29,35,3,1,742
38545,1,15,419,2519,107,526,816,4,21,73564
14882,2,5,623,1231,57,411,335,0,10,7902
24384,2,30,115,1653,182,472,291,6,2,12979
10352,2,13,854,935,28,76,370,2,21,14474
2371,1,20,560,93,9,15,27,0,15,1686
2506,1,0,485,331,25,80,161,3,20,7497
17854,1,24,835,929,74,327,460,5,15,13021
8939,0,8,284,480,43,50,146,1,8,6030
3856,0,24,97,208,14,53,97,2,12,3756
10647,1,30,732,792,32,131,213,0,9,7570
1495,1,26,890,85,3,29,42,5,16,976
13583,2,23,86,1319,129,401,200,6,20,28886
5199,0,12,86,364,18,67,79,2,16,3383
24459,2,25,451,1735,56,217,456,4,9,25506
6073,1,28,549,562,66,44,292,1,7,9766
9610,1,18,254,1026,121,268,180,6,6,14333
675,1,16,587,31,1,6,7,5,13,488
1628,1,10,787,96,3,16,30,2,21,1753
7975,1,27,391,433,41,160,64,6,17,7649
10307,1,27,991,472,49,101,242,1,20,11861
14245,0,7,726,623,25,186,259,5,18,7605
5672,0,22,579,498,21,63,289,4,17,4822
18310,1,28,722,2282,237,180,363,4,13,26757
30004,2,4,746,1102,124,220,304,0,9,11185
23201,1,9,151,1870,189,513,933,3,0,44585
1106,2,6,902,97,4,22,45,0,8,1020
10323,1,9,377,548,36,187,143,1,17,7010
2162,2,3,93,242,20,49,104,0,12,2901
4656,2,8,152,198,8,33,104,5,16,3804
65257,1,26,361,7736,378,2706,1239,2,22,121417
2805,1,25,554,298,16,58,146,5,21,5288
10863,2,13,922,1086,82,169,289,0,15,8178
14941,1,1,161,684,51,71,413,3,23,11721
18683,1,24,167,1208,124,378,489,5,10,21842
12802,0,8,455,358,35,115,57,5,22,5524
647,2,20,662,41,4,3,13,5,8,424
6428,2,26,967,462,48,84,283,3,6,5861
11438,0,0,772,835,44,250,416,5,21,7597
1879,1,22,312,304,18,109,88,1,0,4443
6976,1,9,633,700,52,131,296,4,8,11386
1006,0,9,665,30,0,10,13,3,9,712
1727,3,19,459,36,4,6,5,1,15,465
8085,0,24,730,339,11,43,78,3,20,7593
2635,0,21,233,112,6,8,46,3,17,1887
13074,1,28,52,1714,139,298,582,4,13,46509
18041,2,2,273,578,44,108,136,2,10,12098
24685,0,5,765,550,48,197,285,1,23,7500
3849,1,28,12,432,33,59,164,3,3,3548
3249,1,25,646,292,14,55,86,6,18,5425
2156,0,5,277,45,2,3,10,3,12,1054
15676,0,20,605,1197,133,363,527,0,0,7734
18886,1,1,25,3189,171,1114,1491,5,20,41441
981,1,25,343,73,4,10,34,2,18,1931
41782,2,25,473,3591,241,731,901,4,14,75378
1300,2,17,68,116,4,12,50,6,19,2756
12190,3,22,186,462,34,97,269,1,14,9990
19019,1,1,72,1913,171,220,603,3,10,23651
31215,3,11,967,1023,103,237,252,5,22,13808
19281,1,21,570,1421,133,419,737,1,4,17850
24771,1,4,316,877,37,211,201,4,23,10102
6720,0,19,255,152,10,22,40,2,21,4520
25796,0,6,298,1016,34,184,195,0,9,11309
1752,1,23,807,201,6,53,55,2,17,2327
34280,1,15,964,1907,132,480,654,0,6,28773
12397,0,19,341,524,27,60,91,1,0,4541
25998,1,0,536,1371,125,450,778,2,2,19212
9530,1,0,859,1776,169,386,699,2,0,14345
15974,1,16,264,1154,127,142,496,2,16,23902
11710,1,26,613,1412,139,157,458,4,14,25545
20228,2,0,519,1029,35,375,483,1,4,6531
1777,2,20,800,64,4,10,22,6,21,1959
1433,1,19,727,183,9,63,94,0,15,2474
4757,1,12,615,469,30,92,254,2,11,8502
3107,1,29,746,305,13,58,143,1,18,4277
31310,2,8,822,1637,63,467,626,6,13,29481
4211,1,14,839,319,24,24,167,5,2,3155
56361,0,2,472,1317,124,232,506,4,18,44779
6662,0,13,208,176,16,29,34,4,0,4394
3515,1,22,280,444,31,148,89,5,20,8496
23888,1,10,755,3715,286,868,2247,1,0,43220
16625,2,23,567,1364,104,251,337,0,9,14780
10843,0,21,73,328,30,50,177,1,2,3313
12657,1,11,239,889,30,224,234,1,12,22737
19551,2,12,951,1042,97,125,368,3,5,7412
4390,2,25,961,224,18,33,103,6,10,3232
84629,1,12,258,2661,127,433,588,4,5,60374
55709,1,0,255,9154,315,2355,4598,0,2,56370
16261,1,23,949,761,30,142,364,3,15,18107
3838,2,30,596,262,20,59,106,5,8,4004
17602,0,9,166,509,50,137,213,1,7,10340
1624,2,2,744,181,10,65,35,5,2,692
966,1,23,711,114,7,34,40,4,4,1082
4969,1,27,994,542,61,106,100,3,20,8975
9815,0,3,573,198,9,59,58,6,13,6375
30905,1,15,959,5157,202,1856,2999,3,4,72753
19983,1,7,97,2332,142,524,986,0,18,38549
20863,0,15,322,1071,104,212,540,6,4,10626
8813,1,26,860,988,85,97,417,1,20,17859
6868,3,16,75,168,11,57,40,0,19,5115
7455,1,18,671,319,37,47,138,3,19,10048
66410,2,21,29,5276,507,496,2696,6,1,34464
1114,0,14,42,79,2,18,16,3,6,713
30764,1,15,849,2303,223,757,1245,0,0,28566
13465,0,14,802,310,9,61,128,3,20,8383
9160,1,24,567,727,64,225,106,6,17,11307
19878,2,1,82,2058,100,670,816,2,9,26771
10502,1,10,875,414,38,87,139,4,5,3999
31503,0,0,834,1200,69,302,345,1,6,10352
35144,1,14,352,2188,237,514,1135,4,11,46523
8715,1,25,142,1472,88,525,855,1,17,24217
5361,1,18,64,239,20,69,123,6,10,6651
13960,2,3,70,1024,57,361,568,3,21,28454
37018,2,10,866,2658,299,374,1556,6,18,56349
4048,1,4,529,383,38,64,225,0,3,3641
15131,1,2,281,1737,90,167,346,0,18,17269
15477,1,12,255,713,82,160,260,3,12,26879
20313,0,9,185,928,57,312,133,1,18,22444
2615,1,10,637,386,34,66,150,3,1,3533
19372,1,17,326,1429,138,162,847,1,8,28149
36458,1,1,792,2700,86,257,650,3,7,25966
3470,1,6,714,451,52,94,205,3,20,9047
4568,0,8,671,381,23,47,174,3,13,3417
53812,1,9,140,5285,248,945,1172,0,8,86137
3494,0,17,111,140,14,44,36,1,12,1976
29401,0,22,319,981,91,186,361,5,17,10201
10667,2,6,791,370,13,95,87,3,5,3094
4759,0,26,301,285,11,64,122,4,22,4019
31190,1,6,731,3911,369,1136,1484,4,21,77423
9340,0,2,504,669,24,81,265,6,2,3497
11348,2,11,370,300,33,105,62,6,9,10933
7176,1,6,347,626,60,167,247,0,9,9052
13982,0,16,588,405,24,63,68,2,9,10818
3178,1,25,19,264,16,29,151,5,8,3468
7941,2,0,58,547,41,65,170,0,11,3589
52807,3,4,496,932,58,288,522,2,23,17894
4978,0,15,632,229,23,57,111,0,7,3930
16538,2,14,330,1228,144,232,634,6,23,25483
6399,2,1,740,569,47,99,168,4,8,4726
22773,2,8,578,2632,184,873,670,3,16,30674
2604,1,30,804,394,19,132,134,1,7,5028
53009,1,6,980,4584,407,1143,714,6,17,49129
9571,1,3,634,648,59,150,382,3,19,15998
4538,2,19,142,343,31,109,113,4,16,5852
1645,1,17,592,161,5,48,100,1,5,1954
3290,1,20,92,482,53,94,247,2,9,13402
11502,1,3,66,989,59,98,181,2,0,10648
6664,2,27,385,477,46,145,221,4,20,10425
26981,2,12,358,1343,132,168,370,1,0,13020
8955,0,0,280,197,17,15,51,3,8,4296
4789,2,27,492,373,24,122,100,4,19,8091
14901,1,23,120,2296,194,570,1352,2,2,29922
18902,2,2,878,1858,62,636,719,4,23,18138
3241,1,15,896,285,28,62,133,3,5,2525
3251,1,29,85,171,6,60,47,0,6,3071
1060,2,21,167,88,5,15,35,5,8,1392
20499,1,3,541,2269,89,663,712,5,4,11202
16850,2,24,942,768,80,126,230,6,15,10001
10154,1,22,652,1172,93,88,309,5,1,8076
28384,1,24,338,3001,276,566,1028,0,2,27164
25072,1,15,131,3444,314,1020,1600,3,2,62241
13704,1,25,50,1585,167,190,399,6,19,47435
30905,1,18,176,3934,164,890,2412,1,22,86948
3957,0,0,931,234,20,32,47,4,9,1319
2280,1,4,651,246,20,23,92,3,21,4171
5215,0,18,32,309,10,80,57,0,2,1376
1381,3,21,288,59,2,21,9,6,14,1368
11862,3,23,772,411,22,69,243,2,13,7797
41875,1,10,478,3612,131,900,1942,5,22,51145
1102,2,12,409,34,2,12,16,5,3,387
2453,1,19,18,490,15,132,276,3,9,7754
9527,1,4,22,1263,100,349,674,5,10,10112
41243,2,20,933,1751,85,225,802,5,10,27243
6200,2,3,932,437,24,97,242,3,7,6699
11115,1,3,828,568,63,105,189,3,22,7426
1136,2,3,841,45,3,9,18,6,22,537
2908,1,3,61,178,9,56,92,0,8,3782
65221,3,19,218,2182,182,465,404,0,7,38222
50837,0,20,559,4078,196,382,2288,5,11,43722
574,1,17,621,54,1,18,11,6,16,967
45989,1,17,714,3496,111,833,1972,3,22,77462
15788,1,15,411,1792,207,631,529,3,14,62512
30865,0,8,200,818,77,201,247,5,18,24303
9597,2,17,60,351,35,33,63,1,19,10369
11372,0,21,402,726,85,174,417,2,5,6670
10566,1,1,662,1058,120,262,242,4,4,6961
16988,0,20,689,934,89,130,420,4,7,11565
2756,1,3,832,295,27,63,134,5,17,3144
956,1,11,630,131,7,27,36,6,20,2828
6021,1,6,728,237,9,62,147,4,20,6142
18795,0,14,948,1029,84,157,180,0,14,12830
3881,0,6,309,239,19,59,105,6,2,1534
17286,1,28,631,2296,265,338,865,6,13,48970
53054,2,21,205,3471,242,725,913,0,14,48755
1979,2,25,426,152,14,16,33,1,12,1508
17248,0,20,673,1196,97,103,600,5,20,15101
9298,1,16,429,495,22,84,291,0,19,14470
30890,0,15,764,1739,144,273,341,5,20,30112
3424,0,27,649,91,7,17,21,5,8,955
18195,1,30,626,2377,176,864,1481,6,22,49288
27813,1,18,531,2476,188,573,374,3,16,43998
43901,0,8,365,2259,101,544,883,2,18,46145
17744,0,30,157,706,50,252,278,2,3,6356
10812,0,13,374,350,29,122,95,5,19,6896
14929,2,16,373,362,26,123,168,2,9,14549
30977,3,4,980,450,33,46,271,2,21,11235
13180,0,1,661,306,11,81,111,4,2,2661
962,0,19,711,55,2,17,27,6,18,1237
40593,2,15,411,1050,61,341,480,4,8,43136
18044,2,13,615,1018,68,252,380,3,4,7988
17428,1,13,501,1354,112,108,227,1,13,15391
4143,0,26,238,223,24,81,112,6,6,3427
16633,0,0,584,959,42,207,307,0,20,10072
8009,1,2,861,1069,33,206,270,0,5,4511
16300,1,25,546,2278,160,440,1377,4,23,46941
2190,0,6,277,53,3,10,27,5,7,1397
16587,1,25,414,1104,87,163,675,2,1,14444
112125,0,14,802,3283,344,568,881,3,13,87303
1241,2,18,20,73,7,27,40,1,21,1239
57197,1,19,329,5879,229,1090,2582,4,6,106988
8336,0,1,722,398,45,92,247,5,2,1410
31190,1,18,135,2191,87,721,1323,3,19,79502
23375,1,8,315,1590,138,370,980,5,21,44239
13055,3,18,711,696,62,119,422,3,22,7334
20616,1,26,520,3224,293,748,476,4,5,27969
32119,1,4,98,2791,150,304,1407,3,20,82473
8266,2,17,364,365,21,41,100,6,13,9015
6440,1,15,637,875,69,247,425,2,11,18057
17020,2,3,361,2153,103,754,1336,3,17,20702
25241,1,11,698,1907,60,558,311,1,11,19868
22050,1,28,23,1475,118,143,618,3,6,22572
24478,0,6,266,1502,107,294,752,6,4,12329
9079,1,13,218,1119,99,84,298,0,11,13511
26042,2,22,290,1164,50,265,294,6,8,28989
2421,2,11,452,159,16,21,27,3,10,2116
12295,0,2,849,756,32,253,143,5,3,2993
586,0,4,846,27,2,2,12,4,13,394
6386,2,16,398,402,28,30,156,0,11,4363
7346,2,25,626,444,35,93,70,4,17,5588
8067,0,9,492,164,18,19,100,5,6,2143
18334,1,9,156,2259,128,669,1045,1,22,36399
7879,1,10,288,606,28,212,239,2,0,12348
9431,2,16,530,764,53,66,211,1,12,12175
4568,0,4,639,216,11,41,100,0,15,1566
7508,0,12,615,582,45,217,186,5,4,3100
4367,2,9,443,214,11,63,103,5,18,5356
1640,0,8,153,86,9,31,40,2,8,1751
14374,1,16,298,684,57,84,129,3,22,14722
17048,1,0,395,1390,41,196,814,0,8,20872
14993,1,3,23,2644,270,321,1006,2,11,25994
9840,1,3,266,924,55,153,309,6,17,14989
7665,1,17,355,1012,59,295,615,6,23,19072
30353,0,8,707,650,41,80,232,4,9,12357
11480,1,29,354,1503,130,349,743,2,16,20532
10285,2,24,409,862,60,134,398,4,18,17900
889,2,28,216,77,6,24,17,6,23,1023
6761,0,28,867,280,12,21,175,6,10,4629
7675,0,17,952,404,47,57,149,4,15,5352
8132,1,13,181,867,82,222,291,5,7,21798
13518,1,24,473,1724,90,179,1018,2,23,25995
11940,1,14,279,1127,107,242,452,5,14,27197
14543,1,5,230,1825,149,375,888,6,10,37261
22215,0,23,161,1692,67,559,939,5,6,15228
25648,0,9,632,527,24,138,136,1,1,5815
19494,1,28,192,1680,56,448,380,1,18,32554
47191,1,14,408,2698,277,972,478,5,8,63997
776,0,28,860,16,1,5,9,5,17,280
3768,1,3,81,412,24,111,99,4,12,8375
613,1,17,427,106,4,24,31,5,22,1317
16139,2,17,907,694,51,178,196,0,0,9542
34746,2,24,292,1863,143,353,544,2,18,55331
4685,1,16,83,531,49,197,248,0,12,17770
39766,0,11,364,2794,327,800,1697,1,13,46506
1432,1,6,736,121,8,19,36,0,16,920
41370,0,15,506,3163,210,292,1082,3,21,54477
6999,1,10,337,535,33,47,277,3,19,18434
2104,2,13,997,73,7,9,25,1,0,983
10479,1,2,544,400,17,57,237,0,4,4036
4951,2,18,589,237,14,47,92,2,19,8091
5529,1,17,919,566,53,78,177,1,13,6944
6007,0,29,456,447,14,118,275,3,17,3996
24870,2,9,382,2948,165,407,1034,1,12,34135
12120,1,5,371,829,72,108,212,0,22,8849
6094,1,12,102,433,20,93,99,0,11,5494
14636,1,9,330,1276,73,435,800,0,14,33393
19389,0,17,333,1343,99,289,684,4,23,18123
5274,3,25,393,236,16,47,80,0,3,1625
8504,0,30,584,315,12,78,171,5,8,5344
2449,3,19,745,27,3,4,11,3,2,365
3497,3,25,746,88,2,15,26,6,21,1971
17644,2,15,890,1646,160,229,831,3,10,19995
3503,1,24,355,266,9,65,134,4,14,7899
11671,1,24,858,1263,91,358,488,3,15,15698
19018,2,5,112,1542,70,427,255,3,6,18174
2195,1,12,224,131,5,19,23,1,6,1241
13066,1,3,201,1376,56,425,725,6,21,38027
4947,1,22,681,319,22,48,173,6,8,6420
49922,1,13,893,8594,656,1032,4070,0,16,110955
10411,1,0,728,1709,71,307,943,5,12,22217
25097,1,27,790,3834,452,975,1892,5,8,45273
12485,1,19,203,1517,80,178,879,1,8,28397
1165,2,4,389,73,5,19,15,5,19,867
15542,0,7,412,837,41,279,278,1,11,5793
45863,2,11,673,4569,340,744,1688,6,20,77142
14304,1,1,758,1046,102,219,301,6,18,14630
26154,2,11,609,1571,120,225,780,6,22,24133
32839,1,4,20,2866,159,525,1683,5,14,36390
4383,2,21,196,274,14,22,94,3,17,5133
4074,0,4,735,145,14,52,87,6,7,2402
14661,2,30,24,744,30,148,293,2,5,4317
8440,0,12,787,636,40,198,253,0,5,3416
27975,2,8,306,2069,90,243,901,2,2,12169
35042,3,9,420,1507,80,480,413,3,2,14276
7040,1,0,965,709,31,236,234,4,1,4117
4554,0,29,594,234,25,67,96,1,4,1792
23247,2,2,61,1984,190,686,1193,5,19,40515
5319,1,29,649,589,47,73,268,5,11,5575
26441,2,17,37,981,49,213,300,3,5,9846
8767,0,11,586,299,22,78,44,5,15,5020
17018,0,28,26,606,46,153,376,3,4,4926
2006,3,2,360,45,3,14,17,2,5,396
15166,1,25,437,1542,54,215,925,4,3,14528
9515,2,24,659,341,40,43,140,1,13,4687
13750,1,28,840,1635,117,246,716,5,2,9898
3259,1,29,238,361,40,123,176,4,16,10367
20526,1,8,775,1164,35,415,349,4,4,9655
30294,1,25,998,3484,182,856,1685,4,21,62245
4164,1,1,219,741,29,167,296,0,20,11646
2009,1,29,440,273,27,70,128,4,20,7692
858,1,2,303,62,3,16,34,6,5,579
15907,1,13,752,1314,138,165,306,3,19,22013
14512,2,3,762,497,52,139,219,0,3,3445
12367,0,24,591,422,38,88,71,6,12,8937
4458,1,18,113,367,33,84,71,0,7,6885
7936,0,12,213,351,32,29,165,4,10,6782
14038,1,6,62,755,68,229,134,5,23,10455
10800,2,11,983,1397,90,454,605,5,18,23362
66576,0,2,949,3058,279,797,767,5,22,18205
2700,0,22,384,65,7,19,18,5,4,909
18318,0,22,851,571,34,132,118,3,4,4467
8270,1,8,63,521,59,135,137,5,2,4885
8884,2,1,285,706,22,136,383,1,1,5211
19466,0,28,344,932,57,291,423,4,2,6324
18186,2,21,40,492,20,106,297,0,14,7517
71590,1,8,144,3494,144,975,585,1,6,51065
2561,1,11,67,294,30,76,155,5,2,3274
2149,2,30,114,73,8,20,35,1,14,1937
19828,1,11,275,3453,345,1072,935,0,10,60374
13455,1,14,531,1421,167,325,708,5,15,19183
5306,0,1,505,252,12,80,124,1,12,3457
1741,0,17,262,64,2,14,23,3,1,866
1843,1,12,304,150,11,54,71,3,19,6250
34191,0,13,677,2463,257,740,886,4,11,23248
3695,1,4,167,136,4,17,41,4,20,3194
6359,1,25,558,207,24,67,76,6,6,6099
4355,1,9,640,341,28,82,197,1,0,3759
7077,0,11,76,152,17,56,50,0,13,5756
1579,1,9,763,112,7,32,38,3,23,1914
11480,1,23,308,1171,83,117,514,2,9,17507
1550,3,10,472,48,4,9,24,4,2,413
24668,0,30,734,1316,133,302,659,6,10,14784
4492,2,24,829,238,12,77,36,3,21,5859
12148,1,1,110,680,77,199,325,6,19,22234
32313,1,4,65,4878,527,906,1770,5,20,81624
16284,1,29,341,2605,82,706,1038,1,14,50275
11920,0,6,845,404,16,100,168,6,5,4261
6380,0,30,760,262,19,29,130,3,17,4315
6574,1,5,402,1142,81,166,625,3,12,27210
17106,1,21,752,2079,194,368,952,1,14,30053
77592,2,22,883,2361,89,315,987,4,2,24991
16763,1,2,390,1801,158,216,586,4,14,31789
12739,0,12,101,446,38,41,94,2,23,10182
20176,2,2,800,625,31,210,381,2,23,11757
9888,1,25,456,1294,101,209,476,4,0,23576
1430,1,24,118,131,6,21,54,4,9,3872
12893,1,29,326,1814,78,248,923,6,23,34537
47918,2,23,177,2358,192,513,417,4,17,40344
3391,2,20,821,344,40,78,192,4,7,6378
18067,1,5,991,2009,103,276,1067,3,11,30210
3864,1,10,929,300,18,77,156,2,4,3295
12012,2,27,444,444,23,129,68,1,0,5655
2025,1,25,451,264,14,49,105,0,7,3218
9477,0,16,227,459,30,115,78,1,4,3227
21668,1,9,231,1527,142,344,628,5,16,23353
6905,0,11,682,171,5,22,84,0,14,3985
16900,1,16,537,1207,140,354,245,3,3,18067
24304,1,3,287,3341,114,1053,1609,5,12,65550
39796,1,1,578,1658,181,447,600,2,16,25545
4511,0,10,583,216,23,37,116,0,12,3574
8145,2,6,884,518,39,182,208,4,1,3922
2980,1,1,475,254,10,53,78,5,23,1737
73859,1,25,848,5208,421,806,1590,3,3,53410
39759,1,17,763,2774,240,547,1609,0,1,24668
12146,1,20,611,1910,204,539,695,4,11,31772
28180,0,3,593,1143,90,375,389,5,18,15112
11539,0,7,847,630,42,114,102,3,17,5136
15155,2,19,39,1045,110,151,335,5,9,9875
1900,2,13,368,67,7,17,37,0,4,894
21614,1,11,928,2016,177,708,1035,4,10,45157
2549,0,21,297,142,15,18,35,2,0,1256
26736,1,20,95,2109,176,666,727,6,2,32783
23350,2,26,243,1962,180,427,469,3,16,34679
19003,2,29,756,1252,115,394,760,0,14,26123
1052,0,17,322,28,2,6,12,4,13,956
5917,0,10,374,109,6,20,55,2,23,2039
5079,2,30,786,177,14,50,86,5,14,3986
7197,1,28,808,875,73,302,497,4,15,12751
1875,1,27,848,140,8,23,84,6,3,1560
41959,0,29,914,1118,68,238,178,2,18,35823
12604,1,7,278,2037,200,292,1258,0,23,30390
5968,2,1,707,200,16,26,113,4,7,2505
8087,3,24,140,314,13,96,103,6,5,3907
9391,1,14,812,916,96,123,504,4,15,18935
14266,1,8,798,1002,109,313,502,1,2,8361
11375,0,18,841,446,32,90,236,3,7,8052
38272,1,19,360,1866,91,696,468,4,4,29219
10806,1,7,189,1599,184,214,734,6,4,13695
73223,1,24,811,6435,704,662,1007,2,11,52208
29099,1,18,489,2171,112,211,1207,3,0,42182
4007,0,4,898,85,3,27,51,0,6,1439
40516,0,10,172,1324,92,273,616,6,23,33776
2355,1,14,792,184,16,13,72,3,10,2935
26010,0,7,897,597,27,201,296,1,9,11301
7685,0,18,105,452,34,152,136,0,2,3048
32052,3,22,783,1384,94,438,620,4,7,17133
30880,1,26,519,1863,205,278,919,6,0,43247
25092,1,7,374,2983,204,557,636,5,7,24886
23911,2,25,990,2741,213,818,581,0,22,16980
5950,3,26,362,111,12,24,54,6,19,4704
1765,1,29,809,308,17,37,108,0,10,2347
8237,2,18,445,906,50,133,521,1,6,8919
3358,1,17,92,244,24,89,72,2,15,5127
18309,1,9,234,2080,114,250,342,0,6,19473
6872,1,28,421,630,66,184,289,6,12,20250
56203,1,6,744,3972,153,867,1892,2,9,74220
15865,1,27,990,1492,59,446,616,3,16,23841
26430,1,8,127,2920,324,798,1390,5,2,39470
2632,0,0,491,117,9,24,46,1,6,791
30209,1,18,201,2008,190,363,965,4,10,61066
38912,0,4,600,2227,111,671,368,6,12,31663
10514,1,18,599,1549,69,266,500,6,4,16517
14480,1,0,668,1761,185,548,434,6,22,12636
22210,2,14,116,2930,182,817,563,0,18,44730
3382,2,15,391,232,16,57,59,5,14,2670
10974,2,22,792,496,16,92,117,5,0,4436
8128,1,6,399,1170,75,159,721,2,4,10320
2873,2,25,253,332,32,95,94,0,12,4410
7371,1,11,594,375,38,38,96,6,9,9116
1559,0,7,878,23,2,8,12,5,4,190
892,0,4,477,68,6,25,23,6,22,781
2678,1,9,875,332,25,37,115,6,0,3801
49999,1,27,943,4037,316,428,1451,6,9,59299
12461,1,20,547,699,67,138,242,1,17,9543
51142,2,4,219,5083,265,1850,1538,4,21,127646
8997,0,16,613,484,24,94,137,3,7,4655
6105,0,25,646,242,27,44,138,3,19,4824
11082,3,4,956,547,17,156,121,2,2,1844
9184,0,21,82,647,27,83,150,5,18,11321
2175,1,14,644,374,30,68,157,3,18,7570
15859,1,12,318,1614,155,262,501,2,1,16891
4150,1,27,705,556,43,142,193,4,16,8946
14997,0,0,708,885,54,109,474,6,15,5975
16255,0,10,719,777,91,186,453,0,20,14573
2973,0,22,599,126,11,41,66,1,9,1619
1449,1,0,869,184,19,42,47,4,20,2319
23263,1,10,195,4430,148,1240,2747,4,15,75810
9737,0,17,865,468,23,45,149,3,4,3892
1398,1,17,262,174,11,36,39,3,19,4085
79578,2,20,22,5307,246,549,2052,1,2,21916
1392,0,29,308,72,2,18,35,0,2,630
18313,1,25,85,2457,123,391,453,4,1,23014
62229,1,15,60,1848,144,297,835,5,20,64985
4600,1,12,796,533,49,52,299,3,3,4173
2801,1,6,158,186,18,31,50,4,21,5605
2441,1,0,740,123,4,27,59,0,17,1485
5920,2,25,131,463,31,115,156,2,1,5532
2097,2,15,220,85,3,8,29,0,23,1146
18172,1,0,289,1617,111,437,453,4,5,11174
1464,2,16,547,59,4,13,26,4,2,672
11182,1,5,694,716,53,169,228,1,20,12547
86193,1,1,165,11458,1264,3722,6276,4,2,93661
25727,1,16,247,1955,200,347,1196,3,1,33438
14826,0,5,385,1111,96,141,664,5,2,4798
5984,2,13,91,401,43,96,89,1,16,6106
15168,1,17,501,1422,129,509,214,4,13,28936
11731,1,5,365,822,85,189,293,0,6,11713
8829,2,9,934,876,70,284,436,4,21,18775
2601,0,23,282,119,9,35,73,0,20,3057
33153,1,17,589,5064,481,1167,2657,0,5,62482
9461,0,26,53,578,18,155,246,4,7,11556
3746,2,8,582,204,18,40,31,0,18,3158
7377,2,7,132,598,68,140,326,5,18,10193
8519,1,27,358,1532,144,348,352,2,11,22056
26863,1,9,717,2302,76,662,393,1,4,12909
20342,1,16,339,1026,65,203,571,4,4,14566
22499,2,22,418,1649,169,173,691,6,13,31906
666,1,29,332,69,8,21,14,2,16,1160
8571,1,28,120,1714,108,480,568,0,15,26717
10347,2,25,779,528,55,190,97,0,3,2778
790,1,5,98,46,4,9,20,1,7,836
5012,0,13,442,267,10,26,75,2,2,2461
21924,1,21,719,2538,269,282,1433,2,20,50337
2712,3,21,803,37,2,11,11,4,4,598
11995,1,5,721,2208,184,210,848,0,22,12713
4134,0,25,108,120,9,41,20,6,23,2978
682,1,6,548,68,6,10,18,3,6,1018
4640,1,11,610,665,64,229,314,6,17,13058
56366,0,2,155,3502,244,1075,1757,4,23,37422
24757,1,13,703,1698,186,571,444,4,7,37686
48625,3,21,266,1283,131,178,498,4,10,20201
10537,1,18,198,1647,165,417,891,1,13,41835
2243,1,22,249,147,10,15,48,1,17,2623
12409,1,15,880,1673,55,226,349,4,12,31010
9587,0,6,908,447,33,75,158,5,5,2139
28402,2,7,512,1140,126,338,496,3,12,34168
2048,1,17,717,269,12,22,39,2,0,2605
10548,1,24,818,1459,172,504,457,2,10,20823
2938,1,12,686,267,27,25,117,0,6,2195
6388,1,20,828,553,51,103,335,2,9,11867
20554,1,8,280,1295,117,128,443,6,1,10983
10194,0,9,529,559,46,170,124,2,15,7898
7571,2,20,559,511,48,59,206,3,4,4808
8024,2,22,123,561,38,190,158,2,15,9715
9727,1,26,348,1081,114,253,268,6,22,13969
23557,3,8,577,728,67,261,313,3,15,10888
33896,0,14,952,1489,148,241,877,1,14,25806
47128,1,19,995,3211,325,678,1765,3,8,85491
23690,1,1,368,4236,162,1199,985,1,0,31324
6183,1,24,659,585,20,189,301,3,8,15031
17977,1,12,623,2647,270,533,676,4,10,27603
9133,1,1,343,861,45,295,245,6,4,6016
4908,0,18,698,254,20,28,150,5,5,1511
28070,1,25,178,2044,142,587,1199,1,7,59739
1087,0,1,348,53,1,9,11,1,14,482
35305,2,2,807,1618,54,170,283,2,15,14311
9783,0,5,270,287,29,54,82,1,17,3054
15708,0,2,896,849,71,287,362,3,11,7149
16653,1,30,744,2034,156,750,1159,4,22,39102
34323,1,9,208,1651,189,318,333,4,3,19288
15686,2,23,220,678,30,231,234,2,21,23351
14776,1,26,296,2129,113,485,587,3,15,39584
1534,1,5,701,247,24,71,37,3,22,2207
11459,2,22,771,618,61,54,325,0,10,5784
2940,1,15,752,375,24,90,202,1,21,6871
20558,0,16,481,986,113,94,247,2,23,11045
11268,1,18,491,1253,143,194,272,4,21,25362
17602,2,2,32,1676,52,410,359,6,6,9537
1138,1,17,569,54,2,17,19,5,23,1109
1829,1,6,118,166,17,40,43,0,14,3412
19398,0,8,305,716,43,254,281,3,16,10972
1622,0,19,15,60,2,19,19,1,14,668
1608,1,11,559,237,23,28,58,4,9,3527
682,1,4,690,86,6,16,43,6,3,706
47525,0,2,877,759,56,209,164,0,21,15571
20563,2,10,804,451,21,160,240,3,16,12906
7036,2,24,212,330,29,122,137,4,3,5284
5776,1,29,334,607,48,184,332,4,21,22127
6954,2,3,834,579,28,143,84,3,22,4909
22851,0,4,794,872,52,263,443,3,21,20484
16742,1,0,253,932,78,146,157,2,10,11948
3572,1,26,336,671,75,107,406,4,3,8929
3369,2,27,996,408,46,110,198,3,11,4628
2053,2,30,56,159,8,53,47,5,22,1651
16695,1,28,770,1462,140,535,437,6,9,21416
22182,2,17,600,773,77,137,434,6,13,25750
5119,0,11,631,227,23,71,132,5,17,2737
817,2,12,22,67,5,22,38,6,5,582
1786,3,8,916,17,0,4,9,0,4,334
52064,0,1,389,3254,320,583,1763,6,1,25630
5752,2,4,374,238,9,62,100,1,12,3844
22494,0,12,611,1298,52,324,204,6,22,8674
15198,1,15,351,1555,131,399,289,5,13,33811
7717,1,15,869,441,52,115,202,2,2,6334
3954,1,23,801,489,25,160,165,3,22,5630
2441,2,2,230,162,14,20,67,1,10,1237
14818,1,21,82,1002,57,185,256,2,21,28602
22850,1,3,755,3246,359,814,1491,4,22,30183
15988,2,10,781,325,27,51,85,1,3,3161
11834,3,22,634,231,11,85,84,5,12,3563
1142,0,25,55,27,1,4,10,2,7,1015
52361,3,13,513,969,66,209,223,3,7,29814
24545,0,28,283,963,39,325,548,3,22,20247
5697,2,2,564,146,5,14,58,6,12,2811
59158,1,15,217,4801,437,1542,2713,2,22,101416
14315,0,21,938,306,20,75,83,4,9,8033
13599,1,14,870,2069,197,174,471,6,12,30168
21179,1,27,624,1114,44,385,170,5,12,21981
25551,1,30,133,1496,126,129,283,2,23,25874
16527,0,9,19,613,42,140,132,0,16,6008
2556,1,8,338,281,9,25,51,2,5,1608
6693,2,10,196,392,30,37,227,2,1,4759
39983,1,15,552,3662,137,1249,2149,5,16,64078
4315,0,9,677,115,12,35,68,3,11,2068
7482,1,16,69,859,74,115,524,6,22,16550
8986,0,18,770,191,15,49,73,4,5,2734
9181,2,1,908,456,19,142,183,6,4,3159
14737,2,23,895,995,55,340,206,2,4,9231
43490,1,22,960,2872,213,618,604,1,8,33545
4630,1,1,791,532,46,183,276,3,21,9482
2443,2,5,451,83,3,18,46,3,2,928
3799,1,30,226,581,17,163,305,2,22,13163
33195,2,18,920,2270,138,836,1247,5,19,55484
16068,1,7,11,2107,154,307,586,1,4,9796
5551,2,25,545,187,8,23,69,2,6,4317
25887,1,28,727,1888,140,335,693,1,11,18974
30139,1,2,841,5235,316,650,3286,3,6,67692
28612,3,25,720,771,54,123,466,1,9,10662
38185,1,13,365,5073,310,1511,2206,6,7,117878
4860,1,24,635,738,63,161,155,2,16,8630
21600,0,15,801,639,21,119,172,0,4,7169
9757,1,0,676,1245,56,231,399,0,14,12757
28177,1,20,174,3488,240,465,1982,1,8,72369
20056,0,2,743,612,37,128,138,5,22,3572
22971,0,21,100,753,49,197,188,2,10,10024
16513,1,25,176,1978,202,230,620,4,12,37912
3429,2,17,968,170,18,62,101,0,17,2025
12312,1,8,216,1213,63,252,471,3,16,22129
63168,0,5,291,1155,121,415,529,6,23,28998
42061,1,22,74,7616,542,878,2529,2,8,161398
1162,0,20,897,19,1,5,4,2,9,613
3201,1,24,525,278,32,72,70,6,4,2763
2618,0,0,166,92,9,29,49,0,10,1104
19918,0,20,770,445,53,113,257,6,21,12048
26038,0,26,778,515,23,187,197,6,14,20916
4102,1,9,756,423,18,111,134,4,1,2712
11073,0,26,315,819,61,254,439,6,20,20353
28054,1,5,887,1396,122,472,657,3,19,36909
20296,1,22,991,1385,62,400,226,4,23,19328
12221,1,11,404,1228,131,285,386,3,23,20677
13886,1,3,83,823,64,129,391,0,13,11628
11150,2,27,196,805,53,266,340,2,4,8300
5797,0,12,583,263,22,57,162,3,23,4994
12986,1,16,346,1119,97,292,632,2,5,18872
18013,0,30,685,1167,39,115,201,1,21,11383
31491,0,26,577,484,58,108,240,1,14,13528
15671,1,7,632,1430,89,406,439,0,3,9382
21977,1,25,739,1547,54,387,735,0,9,28744
3116,2,19,249,208,22,43,92,5,18,5369
9786,1,2,542,1163,138,165,451,0,8,15462
640,3,11,150,14,1,2,7,1,20,344
4748,0,6,274,277,29,78,135,3,9,3529
19944,0,11,148,1077,92,153,620,6,3,12784
72572,0,1,468,2603,294,680,731,6,21,39419
2066,0,23,79,125,4,31,39,6,3,1344
8199,1,13,394,526,52,192,234,4,5,7085
24646,1,21,639,3469,313,323,2128,6,7,84726
3923,0,22,207,120,4,12,38,0,15,1663
12648,2,29,214,470,37,106,75,6,7,10479
20311,2,4,735,1311,100,305,472,4,15,11903
14856,1,8,577,1561,143,135,637,4,5,18107
3624,0,20,808,178,6,57,94,1,16,2446
7086,0,10,991,191,19,42,95,5,0,2775
23472,0,4,814,589,25,105,360,3,18,17540
12619,0,2,696,580,39,98,304,1,17,4172
578,1,26,868,77,8,25,22,0,16,944
21968,0,16,891,914,73,122,416,1,16,12654
1039,1,1,983,44,2,5,20,1,11,471
21040,3,23,649,243,8,33,152,1,11,6675
3893,1,30,440,469,42,123,99,0,5,4029
48077,2,0,899,1631,193,519,386,0,6,16939
7381,0,6,334,217,24,37,47,1,7,3906
6438,1,29,451,295,27,37,126,1,2,2711
2918,1,13,813,249,9,34,52,4,16,2894
5970,0,4,297,183,9,47,84,3,20,5321
31891,0,18,235,1152,53,171,615,4,7,25283
84631,1,27,73,7107,440,2403,2518,5,10,100372
7390,1,27,976,1122,57,119,467,3,19,25628
9429,1,30,947,641,33,54,376,5,17,9807
19705,1,10,569,2556,218,259,1075,3,15,38528
33099,1,22,723,2446,143,803,600,1,12,34004
13985,0,24,507,908,82,245,282,4,8,13841
7952,1,1,858,679,78,246,272,3,18,12219
8481,0,7,935,192,16,33,42,5,6,1680
18342,0,8,926,564,55,78,249,3,16,9289
548,3,26,69,17,1,4,10,0,7,386
14997,1,2,406,962,57,227,443,3,7,16604
7089,2,1,266,825,25,208,268,6,2,5727
24212,1,6,586,4333,151,776,1322,1,15,37713
1964,1,4,248,148,8,11,88,2,11,2405
13808,0,20,810,705,64,60,400,0,14,10623
10336,0,25,47,215,23,58,80,2,20,6294
15921,0,4,34,391,45,90,123,1,3,2248
1505,2,19,419,46,1,14,22,6,22,1268
13511,1,12,470,1765,210,291,523,2,6,22155
12865,1,20,580,448,26,143,90,3,10,11099
12837,1,28,997,2531,267,512,745,2,23,23240
14375,2,19,426,671,31,69,238,4,4,6206
17426,0,30,366,490,17,180,131,1,12,9636
25020,1,28,392,4292,274,981,1070,4,10,50844
5216,1,5,818,288,30,75,42,2,4,2310
26648,2,19,167,999,49,275,450,6,7,36782
10844,3,17,578,288,12,52,127,4,20,11270
1702,0,24,442,71,7,21,16,0,16,949
1405,2,1,57,80,9,26,48,2,10,1321
6602,2,24,337,278,8,53,95,5,18,6665
23549,0,25,442,1191,113,324,186,4,17,17697
18948,1,5,440,3267,188,987,819,3,9,55077
23811,1,8,65,3970,252,524,1906,2,4,31910
11424,3,24,586,197,14,34,47,6,23,3213
9202,0,2,277,348,23,37,59,5,0,3008
2892,2,0,78,207,15,52,91,6,16,2504
6466,1,0,737,689,56,217,272,0,16,7011
9037,2,18,911,339,24,87,174,3,0,6677
1891,1,4,610,175,16,22,90,2,0,2016
4238,1,12,458,446,42,106,272,6,22,10136
14177,2,18,802,1944,135,632,333,3,21,24647
20457,2,11,266,556,23,92,90,2,8,19879
96582,2,15,681,5726,501,1859,3571,2,3,72403
41071,0,24,499,1005,100,311,459,1,8,28582
15932,1,24,755,468,40,38,230,4,13,11282
8703,0,18,652,379,31,55,72,2,14,6574
15666,1,2,58,2225,112,529,395,0,15,22188
23602,1,11,668,3065,269,889,680,5,15,30154
2389,1,29,325,92,5,31,32,4,12,2162
8412,1,4,422,320,36,85,63,1,13,4983
27970,3,1,443,539,47,101,194,4,21,10850
7763,0,21,11,254,13,33,105,4,20,6287
13225,1,6,850,2102,152,636,303,2,8,24271
13792,1,12,961,551,58,75,109,0,22,6132
3558,0,24,154,77,4,21,25,2,8,2633
7246,0,14,965,328,25,42,55,6,20,5538
6608,2,21,375,533,48,54,111,0,3,3377
898,2,2,429,63,6,9,16,6,9,897
867,2,27,582,66,3,10,23,0,2,363
27229,3,20,794,281,22,75,138,3,20,21346
5283,0,19,570,323,36,39,67,2,8,4859
11449,1,30,853,927,108,328,465,6,18,22561
5822,1,4,453,563,50,135,315,1,15,9265
42871,1,23,925,7421,879,1649,3418,5,15,90017
5002,1,7,443,347,28,71,57,4,16,4320
8922,1,21,652,967,67,236,346,3,17,15986
31421,1,0,564,2126,169,173,988,6,9,29571
28171,1,7,66,2299,92,855,1424,1,20,54527
3588,0,23,571,147,9,35,89,5,18,3249
24841,1,17,973,3764,268,322,1265,5,21,62295
9692,1,19,986,1090,115,274,483,2,14,21358
10394,1,27,187,910,89,187,525,0,14,20051
2649,0,15,302,62,5,5,33,6,10,1934
1760,2,17,55,112,6,39,42,2,7,2106
20025,0,19,179,775,36,60,209,5,21,15187
10791,1,11,280,492,30,122,103,2,15,11276
9113,2,12,426,532,48,193,202,3,9,10845
20112,1,12,857,2926,157,428,1449,6,8,54028
22255,1,9,148,2374,162,359,1460,1,14,67237
3095,1,6,256,311,20,23,175,5,21,6011
14632,1,24,157,1491,147,141,362,6,4,14590
2681,2,13,239,100,10,8,49,3,19,4177
21377,2,29,801,776,72,249,220,1,1,6124
16548,1,23,646,1975,119,643,940,3,21,51962
47564,1,15,713,4961,342,1453,2319,4,15,84271
1571,0,14,383,102,4,18,28,0,17,833
1381,1,11,89,89,4,28,22,0,15,1636
5473,1,8,615,365,16,86,70,0,4,2678
5051,1,7,747,327,13,54,55,4,0,3388
4754,1,17,74,499,23,102,280,5,18,12021
36007,1,22,97,3341,161,316,562,5,9,51549
4806,0,17,97,180,7,64,33,4,20,6177
5260,1,12,722,194,16,50,50,0,12,3637
21869,1,27,735,1012,120,297,582,0,22,16315
9460,2,26,213,696,75,193,212,1,23,10772
22989,0,17,922,350,11,96,83,1,22,10499
1514,1,14,391,108,7,8,53,2,22,2013
10528,2,3,610,645,69,150,192,6,10,5181
1012,0,16,485,50,2,16,15,6,14,1119
1470,1,30,582,201,21,17,101,6,1,1671
36036,0,4,792,1652,137,597,439,3,5,9214
2749,1,21,615,215,24,43,124,1,20,5070
11902,1,15,828,1323,143,214,551,1,10,13839
8442,1,8,548,1211,110,284,490,1,14,23274
6900,1,9,223,495,44,156,134,1,8,9691
35013,2,23,83,3174,156,690,1745,4,11,64730
830,0,17,70,15,0,4,6,2,3,363
16850,0,16,707,447,30,100,98,1,22,4774
50113,2,17,552,1479,69,391,361,5,23,27892
12820,1,6,228,1703,66,198,632,3,13,30798
41927,2,3,21,2161,123,187,1129,6,21,28703
1305,1,25,823,119,12,13,71,1,2,1006
8639,2,4,424,291,9,46,135,4,20,8334
5019,1,27,41,468,26,70,182,5,16,3603
20185,2,22,169,1271,86,329,337,6,12,30503
60186,2,15,246,4865,369,1030,2291,0,7,80789
4946,1,2,748,257,11,22,159,0,11,2173
16427,0,25,190,490,57,41,183,6,11,10555
3811,1,17,838,288,23,29,64,2,11,3326
12997,0,28,567,1090,83,197,211,0,1,3539
9852,0,22,350,503,15,38,138,1,9,6580
54136,1,20,467,6110,450,1363,2570,6,22,93220
14567,1,13,89,1541,162,282,930,4,8,37130
6950,1,14,656,1361,67,328,393,2,0,14356
2317,1,16,781,268,16,78,78,5,3,2254
2959,1,0,996,327,10,49,123,1,22,2523
4329,0,24,829,170,20,20,100,0,13,2279
4834,0,20,768,123,4,19,42,3,15,2559
29018,0,16,482,2408,266,181,607,1,17,20680
12856,1,22,680,1446,84,160,322,3,1,9448
11615,0,24,724,332,27,99,121,5,5,2640
2328,1,10,121,270,24,38,143,3,2,2955
30006,1,16,989,3432,146,1281,980,5,19,57635
19746,2,25,301,1024,71,128,402,2,18,23552
1551,0,13,959,75,4,23,32,4,12,1487
18956,1,28,831,2092,73,599,759,0,16,19984
12263,1,19,640,1166,122,200,276,0,13,17561
1778,2,29,392,85,2,14,50,1,21,1632
9695,2,18,26,839,74,204,351,6,10,11645
10444,0,20,502,870,50,287,433,0,15,9214
3218,0,6,340,222,10,42,100,2,10,2278
44197,2,23,935,3213,289,299,2021,0,17,34966
28954,1,12,748,1775,145,332,649,1,1,12867
17085,1,17,882,3169,184,434,1110,0,22,24863
9806,1,22,495,868,66,309,276,4,20,32513
8459,1,29,415,934,48,265,298,5,7,16569
16289,2,13,126,1140,122,102,316,3,13,23777
12326,3,0,564,449,26,73,278,3,1,2870
1464,2,6,889,145,7,13,82,5,12,1134
11277,1,7,124,1106,108,358,329,3,9,21081
25129,2,17,804,1134,35,393,331,4,7,19257
9721,0,8,558,508,27,55,98,2,6,5682
1300,0,0,823,35,2,7,19,1,12,417
23646,2,28,634,1298,142,460,421,4,23,16789
3872,1,21,556,220,25,26,92,1,18,5166
4988,0,16,653,155,14,25,90,2,23,3300
3199,0,18,345,262,19,43,89,4,14,4048
6511,2,26,345,825,72,69,442,0,21,15010
21705,1,5,990,1944,130,166,686,6,1,10944
11490,1,2,931,1330,75,479,644,2,21,22599
3938,0,23,898,170,19,41,60,3,4,1473
32035,2,4,749,4284,173,715,1434,4,18,43874
32251,2,1,156,1517,92,286,948,2,0,22357
31170,1,19,131,4596,509,1330,2029,2,6,104834
4592,1,24,90,554,52,102,178,4,17,10374
9501,0,3,694,320,10,45,86,3,0,2813
63485,3,9,675,2574,82,271,420,5,0,14974
22676,1,9,671,4004,306,1175,1951,3,6,51697
913,2,23,384,114,8,14,37,2,16,1393
1511,1,20,579,114,7,10,61,1,5,1071
9852,2,10,72,547,31,111,175,5,19,11429
36489,2,26,513,4616,548,400,1502,5,11,30972
12105,1,15,677,827,45,301,432,2,19,20515
10831,3,25,458,393,29,103,150,4,14,7892
2171,1,28,437,125,8,15,71,4,12,3608
16540,0,28,877,319,14,40,137,4,11,6360
26398,1,29,436,1560,75,383,407,3,20,41158
7680,2,30,430,547,61,99,229,0,1,4625
22915,1,16,331,1682,180,516,245,4,20,49162
50563,0,15,922,1831,87,437,541,4,17,34426
3917,1,6,689,282,30,57,69,5,3,1451
11613,1,15,175,1263,61,459,583,1,9,37712
5577,1,2,606,701,60,134,147,1,10,4559
24115,1,25,966,2658,99,518,757,2,20,42377
13426,2,15,658,650,71,178,198,2,5,7168
15600,0,7,470,379,13,120,55,2,5,3962
24485,1,29,468,2285,182,600,380,4,8,46422
8061,1,11,198,889,89,252,262,1,19,24812
37492,0,2,473,1977,80,369,498,2,12,18737
11922,2,16,921,659,43,144,132,1,4,4090
3078,2,20,388,323,10,43,70,4,5,1960
18355,1,17,11,900,82,251,495,5,3,9963
24144,2,10,627,2609,150,369,1242,4,5,18370
6213,2,3,373,170,13,12,64,2,17,2651
29692,2,15,81,3787,431,1344,2218,4,12,106458
35989,0,16,436,1983,114,330,314,4,22,22323
5363,3,8,647,141,4,18,43,1,2,1133
62085,1,5,179,5280,479,820,2873,0,9,82627
2774,1,23,214,79,7,13,35,3,3,1472
3884,0,26,834,162,18,35,100,2,14,3074
3554,1,19,346,148,6,14,89,6,11,4510
34163,0,24,481,1534,100,139,347,0,14,17732
16432,0,1,204,406,43,66,250,5,20,9015
2974,1,8,679,509,52,83,307,6,9,9990
9205,2,27,662,497,42,54,161,2,11,5374
14829,2,20,284,1889,102,371,1174,0,21,44608
1807,1,28,16,226,12,36,36,4,7,2308
32609,2,5,914,1166,47,96,542,2,20,19644
24914,2,2,988,1900,214,647,519,0,20,22422
11054,2,19,575,634,28,216,131,3,2,5319
51726,0,5,625,1491,121,205,633,4,6,20926
8613,1,6,863,673,55,83,197,2,17,7475
62631,2,0,859,5638,356,1348,2639,5,2,21244
17035,1,22,582,3318,204,876,1348,5,14,48514
15604,1,0,608,1933,174,700,647,2,1,13500
3222,1,4,779,617,40,116,143,0,14,6254
32546,1,5,187,6355,336,1655,2772,2,12,174756
8865,1,12,251,1593,105,539,871,6,23,45401
3155,0,1,212,168,17,35,73,4,19,3023
690,1,14,552,44,5,4,19,1,9,843
12806,2,14,810,482,42,90,189,5,23,5036
11742,2,12,471,1008,101,116,335,0,23,7529
19559,0,25,89,808,62,64,295,3,23,10328
33644,3,24,532,649,55,195,405,2,23,16301
1741,1,13,426,167,19,24,84,4,7,4189
20223,1,25,775,633,43,47,223,2,15,10557
3612,2,21,393,209,7,70,76,3,15,3091
29797,2,6,400,1098,127,228,424,4,1,13106
26144,2,13,905,2105,213,308,977,3,8,34782
12173,1,30,808,1445,95,222,535,4,7,26337
19080,2,25,697,561,66,82,267,1,10,6729
6160,0,30,135,277,16,36,84,5,0,2333
10056,2,23,503,664,42,217,228,4,20,11728
26359,2,26,56,1129,95,142,636,3,10,21075
9722,1,30,727,527,28,128,160,0,17,4677
7142,1,28,485,555,51,54,340,5,20,12758
10724,2,9,958,754,32,271,171,6,14,10905
26925,0,16,628,1107,43,283,289,1,23,15633
6624,0,13,473,204,15,70,75,2,8,5471
3363,2,7,796,194,15,37,103,1,8,2532
19172,1,3,858,1123,44,357,560,1,0,11668
26728,2,25,132,1994,232,660,456,2,6,32578
2091,1,15,483,141,11,40,36,4,11,3152
4614,0,23,143,207,9,21,87,1,23,3023
2796,2,12,628,118,6,9,33,5,9,1558
6914,1,30,826,931,94,116,325,1,18,17045
9477,0,21,850,465,35,51,176,0,15,3707
21224,2,26,571,1674,78,489,724,5,5,14728
16296,1,24,858,1657,65,401,440,0,10,13419
15050,1,26,616,1364,93,317,304,5,18,22023
7016,1,19,789,815,49,122,275,3,18,14167
28125,2,17,32,1315,117,159,241,2,17,11512
10059,2,13,575,773,87,105,309,5,14,12095
58523,2,17,895,4173,218,814,2303,5,15,47981
15582,0,4,775,1046,111,310,211,4,13,12687
2524,2,25,974,140,15,21,27,4,7,2255
17413,1,8,244,1498,166,426,274,3,7,35947
6397,1,27,68,799,92,177,444,4,1,13409
17891,1,2,173,1807,191,615,331,6,5,20048
1582,2,7,780,178,14,25,110,6,12,2854
3383,2,19,835,295,19,62,93,4,12,4613
29541,0,21,225,870,64,90,264,6,20,30860
4365,1,9,192,528,57,92,99,0,11,5994
27713,2,21,578,1370,78,311,587,6,1,12204
5412,0,18,666,435,19,128,186,4,20,6345
15945,3,29,944,264,11,35,101,4,19,10385
18269,1,20,99,939,98,131,277,6,11,22231
11281,1,27,973,704,69,186,227,3,16,12830
5964,1,2,320,597,44,113,178,3,5,4558
4086,0,10,566,372,20,81,130,1,6,2659
1006,2,30,981,29,2,9,8,4,5,419
5934,1,10,266,618,20,138,291,4,20,18638
16383,2,30,542,1258,102,340,361,5,3,8933
42283,1,16,988,6211,409,1689,1953,4,20,180322
31242,0,15,542,1120,132,354,398,0,8,20153
22290,0,6,61,989,74,263,144,6,4,10115
23799,1,3,347,832,66,78,318,5,9,12841
16903,3,29,180,712,67,126,191,4,14,15496
5022,1,22,957,393,28,146,67,0,7,5929
36158,1,18,76,3642,182,487,2136,1,22,69991
17163,1,11,634,1834,143,460,551,5,3,16341
12829,1,14,309,1129,129,370,396,6,4,16701
2264,1,30,681,182,12,45,99,6,6,2826
9387,2,10,787,535,48,99,120,2,5,3491
9752,1,4,841,721,85,71,401,4,12,10589
30488,1,4,241,3858,403,707,1008,5,18,72686
12366,0,14,984,476,42,61,204,6,9,8657
7680,3,28,846,98,9,35,46,3,14,3274
56954,0,17,77,2965,338,858,1731,5,2,28069
2260,0,10,515,58,6,17,25,3,17,1136
8736,1,25,37,1042,122,214,379,4,13,14678
1143,1,11,958,58,5,6,24,0,2,448
20700,1,1,637,2063,133,319,499,3,10,15252
38029,1,19,60,2306,96,352,1104,5,9,59357
5428,2,14,702,152,9,33,35,5,16,1971
29815,0,19,269,1701,195,362,705,6,12,38176
5684,2,3,600,535,58,109,245,3,1,3059
36748,1,21,794,1427,110,319,828,1,12,39636
21534,1,17,629,787,61,292,285,6,18,26281
25014,1,5,972,1541,89,253,802,1,4,9313
772,1,22,595,94,6,24,21,1,15,1067
49875,2,26,696,4016,378,589,883,3,9,42639
19956,1,25,193,1109,73,238,442,3,11,30318
5952,1,18,32,468,21,63,203,5,19,9969
27026,1,10,795,4434,348,1075,2001,4,12,87074
5459,3,27,138,241,12,37,122,4,20,6081
31424,1,23,300,4719,555,406,1355,0,15,42011
2291,2,1,841,116,7,37,51,3,21,2410
18745,1,26,510,1361,152,154,320,6,20,29992
12170,0,7,195,301,15,55,75,6,0,5428
2022,0,28,488,105,4,22,18,4,21,1455
4653,1,10,580,628,53,128,318,4,8,13241
687,0,4,501,25,2,7,9,1,15,258
9988,0,17,522,337,27,85,87,1,18,9012
5877,2,22,652,481,24,78,199,6,14,7417
14182,2,29,76,923,30,83,291,6,17,12188
5791,2,17,814,244,20,74,134,1,21,6644
5848,0,13,476,277,11,50,110,2,11,3910
20891,0,21,294,438,26,149,69,4,13,19316
1240,0,9,610,26,2,5,16,1,2,229
35479,2,2,426,3468,134,1006,624,1,3,15034
29184,2,8,109,1082,44,386,521,3,5,20052
17030,1,2,198,1043,37,281,371,6,15,19600
13992,0,10,998,434,51,86,115,5,12,8273
33926,1,30,899,4757,308,1166,2248,1,11,50160
3574,1,11,867,314,35,74,64,3,21,7872
1733,1,11,397,68,3,17,38,0,11,1740
4606,1,2,250,444,43,52,118,1,1,2295
24240,2,20,791,1517,75,431,484,5,12,29386
1029,0,6,740,68,5,8,30,3,2,280
13613,0,13,426,1016,105,80,146,5,12,7547
81348,3,23,927,3962,409,1039,1480,1,1,14062
29537,0,27,185,867,87,95,501,0,18,23732
11554,0,10,396,906,94,277,430,1,8,10289
1486,0,6,480,75,3,25,24,3,19,1361
27201,0,24,862,1514,111,542,703,0,0,10163
14206,1,20,242,1612,118,442,965,0,12,45440
2331,2,9,672,156,17,34,36,0,1,932
1978,1,10,461,180,10,32,72,2,14,4126
36557,1,14,286,1049,119,233,270,3,18,51564
17093,1,18,238,870,61,114,486,2,15,25272
27016,1,15,180,2540,229,455,1255,5,10,36763
32176,2,21,744,1776,96,515,947,0,14,31738
13221,2,20,222,1051,70,147,633,2,5,11744
11429,0,27,291,266,24,41,68,1,13,6597
8943,2,19,50,432,32,129,72,2,5,5134
6217,1,11,131,778,88,99,222,4,18,21220
9053,3,17,236,229,22,34,77,5,4,2368
22800,1,22,303,978,79,78,437,0,10,16936
14316,3,12,609,811,89,236,431,0,3,3858
33957,2,4,276,2773,249,722,870,6,8,51891
9288,0,3,550,458,40,129,171,5,8,5117
14512,1,27,768,2586,134,360,1359,5,16,25324
15466,3,13,837,631,41,177,159,3,7,11092
13936,2,7,460,902,82,229,225,1,14,13238
18691,0,8,458,1275,140,235,548,6,8,18755
4565,2,24,765,115,6,23,40,5,4,1082
11272,1,18,70,858,42,210,519,6,3,13436
2150,0,2,511,27,2,6,8,5,19,741
7780,1,4,156,444,16,118,227,6,17,7442
10531,0,20,695,895,84,115,382,3,8,11576
16342,2,25,954,931,86,220,158,5,20,14723
45596,1,17,799,5973,370,1254,1105,2,2,41734
14268,2,0,343,1765,194,376,428,4,21,19881
20914,0,7,890,1445,108,311,308,4,8,16148
11086,1,18,962,1471,129,499,447,4,8,26009
15581,0,16,900,679,33,217,288,5,20,10358
1603,0,16,151,69,4,18,30,6,23,1156
4903,0,10,53,127,13,36,54,4,3,2325
7237,0,30,153,340,16,29,68,1,20,6520
10093,1,1,874,800,52,238,348,2,6,9157
1200,1,5,342,106,6,23,36,4,6,1475
2762,1,21,506,289,12,49,168,0,22,4914
5361,1,13,405,600,33,70,352,5,7,13815
53884,2,2,64,4625,235,451,2392,2,20,76693
6537,2,11,316,395,44,34,191,1,0,5208
10367,1,3,879,994,96,122,198,4,8,12710
3774,1,11,432,156,9,13,28,1,22,2143
14654,0,12,426,578,57,170,319,5,11,7308
5441,3,1,682,253,8,37,88,4,5,1369
3978,0,1,806,142,10,26,51,0,12,1269
11402,1,14,334,1842,96,592,1024,2,4,25400
582,1,22,719,65,2,7,28,6,20,1194
615,1,28,680,28,3,9,6,0,18,593
4209,0,16,89,174,8,46,42,4,0,2810
1061,2,6,40,88,9,15,12,3,21,784
2214,0,29,994,111,7,12,54,2,23,1063
6706,1,27,121,999,31,102,379,1,17,11369
24836,0,13,567,1551,148,272,939,4,7,21469
13231,0,11,874,438,36,51,215,0,23,6445
11282,2,29,726,1230,74,191,238,5,7,9969
5711,0,16,573,201,11,18,44,6,14,4679
40769,2,13,659,3599,131,912,1395,3,18,67149
8087,1,5,481,547,62,64,324,6,9,13955
1866,0,18,83,102,7,30,26,5,23,1171
14898,3,23,562,229,8,32,124,4,15,4677
2312,0,5,488,92,9,28,27,1,10,1096
6851,2,26,598,357,19,47,98,0,11,3632
11121,0,17,396,596,28,173,346,2,15,8898
31598,2,23,708,1443,79,252,240,3,15,16926
10704,0,4,891,403,32,100,187,4,19,8502
18672,1,23,573,2192,80,189,361,4,2,13212
74540,2,23,939,7940,582,1775,4233,4,8,104199
2614,2,5,442,172,19,20,94,4,7,2590
5318,2,1,421,447,20,98,258,0,9,5373
8027,2,7,476,894,53,104,209,2,12,9864
8718,2,14,608,741,48,152,151,1,17,7451
8440,0,14,630,168,13,18,65,3,12,4556
36226,1,10,918,4324,487,609,1193,6,12,67431
19278,1,21,746,2527,165,640,1108,4,14,52588
14543,1,21,257,1320,47,485,519,5,12,34817
6052,1,23,590,633,38,132,135,4,15,9747
26541,1,0,129,2040,96,573,1026,2,7,34128
47036,0,17,76,3295,292,780,1761,2,18,85635
26322,1,11,582,1678,54,376,1027,0,9,34126
523,0,11,965,28,1,2,9,0,11,201
15675,1,24,336,2434,192,287,750,5,13,38751
1287,1,10,929,165,9,56,39,5,5,1348
4968,2,27,712,274,21,54,63,0,20,3904
1420,2,7,479,60,2,15,18,3,23,744
14387,1,27,502,627,72,146,389,5,8,17508
17903,0,6,710,377,21,71,71,0,6,5302
2323,1,22,672,278,31,53,75,4,5,2648
7763,0,20,295,315,18,76,58,0,21,7731
9638,1,1,965,434,43,50,120,6,0,4833
7408,1,10,923,350,18,66,66,3,20,8279
2434,0,21,617,208,18,43,81,0,13,1778
8643,1,9,321,822,48,304,293,0,23,11541
21365,3,2,318,968,73,174,221,4,5,6778
1604,3,19,784,34,3,9,7,5,11,343
1753,1,28,106,207,17,24,92,4,16,3129
7072,0,9,974,174,14,16,57,6,4,2275
43138,0,27,122,2212,79,744,378,6,10,24550
17065,1,26,997,1659,86,488,980,4,4,22919
17529,2,17,646,843,68,143,287,0,11,9828
7239,0,13,465,342,10,77,147,4,2,3750
14008,2,17,472,1154,60,133,662,2,23,17322
652,0,27,957,36,1,10,12,1,8,251
15662,3,23,141,697,36,66,378,1,5,5438
37177,1,7,939,3135,245,947,1845,4,21,83207
14723,2,9,974,851,70,203,194,5,1,5545
31536,1,21,938,3491,390,553,2016,3,1,40258
19808,1,12,130,2751,178,918,556,6,21,79164
2427,0,20,206,114,12,42,31,4,11,2269
35411,0,7,815,1209,107,182,648,5,7,15381
1531,2,3,491,126,14,39,73,4,1,1220
11952,2,26,643,846,88,253,403,0,8,11313
2799,2,3,803,124,11,37,24,6,15,1492
676,1,4,906,80,4,28,31,6,14,1474
8723,2,0,781,602,31,133,254,5,13,4142
5744,0,16,48,124,6,34,34,6,19,2988
10482,1,1,575,518,59,166,324,3,3,6294
13412,1,29,521,1434,166,313,440,4,3,13421
1170,1,7,483,61,5,13,15,2,10,1117
2468,1,6,170,95,10,16,18,5,20,1930
12768,0,30,298,551,62,170,180,1,23,5941
6804,1,14,209,460,34,129,221,5,17,9675
20094,2,25,797,1410,122,296,361,2,4,11668
16345,1,24,537,1476,99,296,764,6,1,18588
28523,0,4,926,1353,91,130,283,2,14,17895
18188,0,1,694,1479,49,113,529,6,10,8268
8929,0,6,512,407,28,95,197,2,23,5344
17265,1,30,257,1472,133,294,308,3,16,22899
5331,1,7,392,854,58,267,371,3,15,15436
5986,1,27,227,573,62,136,305,5,14,14147
23837,1,6,96,1671,100,594,724,3,22,27430
9370,1,29,91,851,35,113,334,1,2,7620
24520,2,6,71,2599,267,966,1433,6,19,57803
26425,0,27,808,2002,181,329,1247,0,14,23569
29732,1,30,509,6081,314,1628,1411,5,23,49817
37767,2,13,51,4400,344,992,2111,4,18,91087
8957,0,20,21,639,42,116,117,4,12,6619
6259,0,17,842,440,50,51,72,5,15,2820
13591,2,5,755,436,36,50,122,0,22,5378
7458,1,3,850,588,26,169,362,4,11,7954
14284,1,9,652,1932,145,363,796,5,16,23098
18841,0,17,124,853,91,309,234,5,15,12094
17990,1,11,227,965,87,166,201,2,8,22409
7539,1,15,658,668,70,247,394,1,5,7782
3238,0,24,115,113,5,15,36,4,18,2461
8945,1,6,700,773,84,81,226,1,22,5104
2807,0,5,537,141,13,23,79,6,12,1826
33622,1,27,481,6266,599,2134,2742,5,20,114451
6866,0,4,763,449,27,103,101,0,23,3548
3016,0,2,855,197,21,22,68,5,7,966
886,1,11,902,78,6,10,46,4,11,1435
16069,0,30,396,598,63,100,348,1,8,7363
15696,2,14,235,650,40,163,115,2,21,24036
6746,0,9,490,335,14,58,91,2,3,2621
1616,1,25,763,105,6,31,23,5,12,2097
8405,0,19,417,383,27,99,154,0,1,2164
6092,1,18,466,666,51,224,338,6,2,11055
17457,2,15,662,739,56,166,212,3,4,6912
14462,0,27,907,976,77,170,500,4,23,10025
7302,3,10,720,152,16,56,71,5,17,2806
4186,0,7,633,130,5,23,64,2,20,3225
66887,2,2,648,4422,258,900,2674,2,13,78938
9577,1,22,30,1407,154,447,492,0,1,7769
17984,2,6,668,1009,81,102,313,2,14,15550
2771,1,22,610,119,9,22,56,4,7,2896
10471,1,28,824,1152,84,116,618,0,15,10713
918,0,6,927,71,5,8,16,1,2,262
11061,0,13,212,356,17,27,197,0,23,5375
50370,2,1,426,5465,432,425,940,6,19,43931
7772,1,9,425,1378,165,260,202,4,19,19448
1096,1,18,457,54,4,17,11,6,22,1219
971,2,25,521,88,2,22,54,4,4,858
7865,1,8,94,872,88,231,347,1,3,9105
3115,3,15,176,59,3,13,9,5,22,1559
854,2,18,393,80,3,25,50,0,11,1230
21671,1,17,477,2421,260,820,1225,4,18,90641
9701,2,8,81,351,16,115,193,4,14,11974
5621,0,15,819,421,47,134,104,1,12,5040
35051,1,12,530,5134,358,666,1002,3,4,34147
2351,1,9,802,456,44,115,179,0,11,5325
47325,0,24,482,1357,107,338,704,4,18,37459
6152,2,19,267,620,32,144,281,2,1,7159
33393,2,13,284,1582,143,346,712,1,6,25663
14355,1,11,759,475,55,48,243,3,22,9514
26791,1,24,29,3264,324,344,830,3,4,19088
62539,3,18,499,1924,162,665,895,1,19,30647
5603,1,6,754,525,62,138,175,3,10,7633
49215,1,22,499,4161,224,639,740,4,17,60713
7901,1,14,742,311,11,49,75,3,17,6387
7804,2,15,335,802,26,206,424,0,6,10604
6741,1,26,538,714,67,140,413,2,9,19826
12193,2,7,901,630,65,130,177,4,22,7759
3011,2,9,98,232,20,21,54,1,19,3150
12601,1,30,495,2118,236,247,332,2,13,31691
12203,1,3,717,1712,158,330,1035,5,19,24646
22026,2,18,359,1727,109,492,822,4,19,41199
27404,1,18,93,4035,186,360,2457,2,10,96782
9209,2,30,396,872,98,152,491,3,1,7510
5900,2,27,96,140,5,39,43,5,12,4866
5003,1,20,316,279,22,87,55,1,12,5180
3746,2,26,859,383,22,50,148,1,8,3396
1390,2,14,163,91,4,26,14,0,16,1145
6788,2,13,449,443,39,160,96,3,14,11312
5225,1,0,749,273,13,94,70,0,23,2456
51406,0,15,969,1486,167,463,694,0,21,43437
12736,1,9,273,1652,109,476,647,3,22,35148
6899,1,18,986,953,86,138,277,4,20,17999
13529,1,29,744,1592,152,422,666,5,21,22154
2748,2,21,430,264,24,70,54,6,21,3757
9305,1,2,502,1330,148,262,679,0,15,10059
15261,1,4,642,780,39,173,382,2,9,13216
10567,0,8,420,376,14,106,93,5,19,6634
8206,2,17,182,904,31,326,396,4,11,14844
76865,1,10,13,7667,835,1254,2979,3,4,67135
32343,0,15,863,1875,220,279,325,1,19,27082
15148,1,1,649,2650,151,677,739,4,16,28705
13137,2,11,995,395,36,45,248,0,9,6415
15039,1,21,481,1225,37,305,235,2,5,11493
3871,0,5,119,172,8,17,67,5,20,3089
8041,3,10,876,197,18,43,109,3,19,4831
1103,2,26,46,48,1,12,13,1,5,328
10180,3,7,592,201,14,19,54,5,11,2032
12246,1,11,810,511,45,70,294,2,20,20078
4376,1,28,40,344,34,60,100,6,18,6716
50375,2,26,960,5781,409,1072,2662,1,1,29109
36528,1,29,390,4996,433,1388,2516,3,12,116259
19709,2,1,277,1676,131,391,883,5,21,28525
11933,1,8,20,841,29,159,527,4,19,15716
31099,1,14,353,4147,401,871,2215,0,10,51671
2600,0,1,849,57,2,4,26,3,14,950
23946,0,28,553,950,31,290,550,2,12,20110
2499,0,0,578,74,5,6,43,4,2,712
24213,0,9,175,1796,193,581,1108,5,13,25703
5339,3,1,709,186,8,44,96,1,7,2203
31944,0,11,351,1757,54,409,419,4,8,26665
43747,1,22,491,5082,202,1455,2484,4,14,139759
2916,2,7,28,101,6,33,18,2,22,1397
9817,1,4,637,1224,100,437,365,0,17,13204
59939,0,21,989,3989,188,949,798,6,7,40142
10407,2,27,193,736,75,88,445,4,10,12502
30376,1,0,791,2635,257,892,813,4,4,13784
13827,2,14,554,1161,107,101,569,0,14,22776
7557,2,5,19,834,61,264,351,0,14,9666
5548,3,11,601,167,10,46,32,1,6,2053
3907,1,30,201,591,37,204,246,5,20,17174
22019,1,7,329,3572,268,1229,1661,1,17,54356
7829,1,12,711,487,17,44,278,0,11,5079
11239,0,18,589,222,20,57,39,6,11,6407
10668,2,26,484,580,35,65,166,3,3,5518
13415,0,0,869,259,13,25,124,0,10,2776
30601,1,10,646,2842,156,595,456,1,20,43899
59745,2,19,436,3425,158,357,832,2,5,28562
8353,1,0,857,947,105,277,237,2,20,11196
